Item,Date,Qty.,Total (â‚¹),
Chicken Biryani (Regular),2018-01-01,42.00,7770.00,
Chicken Biryani (Regular),2018-01-02,16.00,2960.00,
Chicken Biryani (Regular),2018-01-03,28.00,5180.00,
Chicken Biryani (Regular),2018-01-04,29.00,5365.00,
Chicken Biryani (Regular),2018-01-05,44.00,8140.00,
Chicken Biryani (Regular),2018-01-06,32.00,5920.00,
Chicken Biryani (Regular),2018-01-07,66.00,12210.00,
Chicken Biryani (Regular),2018-01-08,23.00,4255.00,
Chicken Biryani (Regular),2018-01-09,33.00,6105.00,
Chicken Biryani (Regular),2018-01-10,65.00,12025.00,
Chicken Biryani (Regular),2018-01-11,16.00,2960.00,
Chicken Biryani (Regular),2018-01-12,43.00,7955.00,
Chicken Biryani (Regular),2018-01-13,36.00,6660.00,
Chicken Biryani (Regular),2018-01-14,32.00,5920.00,
Chicken Biryani (Regular),2018-01-15,17.00,3145.00,
Chicken Biryani (Regular),2018-01-16,25.00,4625.00,
Chicken Biryani (Regular),2018-01-17,24.00,4440.00,
Chicken Biryani (Regular),2018-01-18,30.00,5550.00,
Chicken Biryani (Regular),2018-01-19,39.00,7215.00,
Chicken Biryani (Regular),2018-01-20,35.00,6475.00,
Chicken Biryani (Regular),2018-01-21,46.00,8510.00,
Chicken Biryani (Regular),2018-01-22,21.00,3885.00,
Chicken Biryani (Regular),2018-01-23,20.00,3700.00,
Chicken Biryani (Regular),2018-01-24,20.00,3700.00,
Chicken Biryani (Regular),2018-01-25,20.00,3700.00,
Chicken Biryani (Regular),2018-01-26,44.00,8140.00,
Chicken Biryani (Regular),2018-01-27,35.00,6475.00,
Chicken Biryani (Regular),2018-01-28,52.00,9620.00,
Chicken Biryani (Regular),2018-01-29,21.00,3885.00,
Chicken Biryani (Regular),2018-01-30,34.00,6290.00,
Chicken Biryani (Regular),2018-01-31,26.00,4810.00,
Chicken Biryani (Regular),2018-02-01,29.00,5365.00,
Chicken Biryani (Regular),2018-02-02,36.00,6660.00,
Chicken Biryani (Regular),2018-02-03,54.00,9990.00,
Chicken Biryani (Regular),2018-02-04,63.00,11655.00,
Chicken Biryani (Regular),2018-02-05,25.00,4625.00,
Chicken Biryani (Regular),2018-02-06,20.00,3700.00,
Chicken Biryani (Regular),2018-02-07,39.00,7215.00,
Chicken Biryani (Regular),2018-02-08,28.00,5180.00,
Chicken Biryani (Regular),2018-02-09,50.00,9250.00,
Chicken Biryani (Regular),2018-02-10,43.00,7955.00,
Chicken Biryani (Regular),2018-02-11,53.00,9805.00,
Chicken Biryani (Regular),2018-02-12,21.00,3885.00,
Chicken Biryani (Regular),2018-02-13,21.00,3885.00,
Chicken Biryani (Regular),2018-02-14,25.00,4625.00,
Chicken Biryani (Regular),2018-02-15,26.00,4810.00,
Chicken Biryani (Regular),2018-02-16,38.00,7030.00,
Chicken Biryani (Regular),2018-02-17,52.00,9620.00,
Chicken Biryani (Regular),2018-02-18,54.00,9990.00,
Chicken Biryani (Regular),2018-02-19,21.00,3885.00,
Chicken Biryani (Regular),2018-02-20,31.00,5735.00,
Chicken Biryani (Regular),2018-02-21,32.00,5920.00,
Chicken Biryani (Regular),2018-02-22,30.00,5550.00,
Chicken Biryani (Regular),2018-02-23,36.00,6660.00,
Chicken Biryani (Regular),2018-02-24,65.00,12025.00,
Chicken Biryani (Regular),2018-02-25,58.00,10730.00,
Chicken Biryani (Regular),2018-02-26,28.00,5180.00,
Chicken Biryani (Regular),2018-02-27,27.00,4995.00,
Chicken Biryani (Regular),2018-02-28,34.00,6290.00,
Chicken Biryani (Regular),2018-03-01,29.00,5365.00,
Chicken Biryani (Regular),2018-03-02,58.00,10730.00,
Chicken Biryani (Regular),2018-03-03,49.00,9065.00,
Chicken Biryani (Regular),2018-03-04,58.00,10730.00,
Chicken Biryani (Regular),2018-03-05,28.00,5180.00,
Chicken Biryani (Regular),2018-03-06,34.00,6290.00,
Chicken Biryani (Regular),2018-03-07,35.00,6475.00,
Chicken Biryani (Regular),2018-03-08,21.00,3885.00,
Chicken Biryani (Regular),2018-03-09,47.00,8695.00,
Chicken Biryani (Regular),2018-03-10,47.00,8695.00,
Chicken Biryani (Regular),2018-03-11,69.00,12765.00,
Chicken Biryani (Regular),2018-03-12,30.00,5550.00,
Chicken Biryani (Regular),2018-03-13,39.00,7215.00,
Chicken Biryani (Regular),2018-03-14,32.00,5920.00,
Chicken Biryani (Regular),2018-03-15,42.00,7770.00,
Chicken Biryani (Regular),2018-03-16,54.00,9990.00,
Chicken Biryani (Regular),2018-03-17,28.00,5180.00,
Chicken Biryani (Regular),2018-03-18,61.00,11285.00,
Chicken Biryani (Regular),2018-03-19,22.00,4070.00,
Chicken Biryani (Regular),2018-03-20,17.00,3145.00,
Chicken Biryani (Regular),2018-03-21,39.00,7215.00,
Chicken Biryani (Regular),2018-03-22,28.00,5180.00,
Chicken Biryani (Regular),2018-03-23,56.00,10360.00,
Chicken Biryani (Regular),2018-03-24,40.00,7400.00,
Chicken Biryani (Regular),2018-03-25,45.00,8325.00,
Chicken Biryani (Regular),2018-03-26,25.00,4625.00,
Chicken Biryani (Regular),2018-03-27,25.00,4625.00,
Chicken Biryani (Regular),2018-03-28,36.00,6660.00,
Chicken Biryani (Regular),2018-03-29,30.00,5550.00,
Chicken Biryani (Regular),2018-03-30,58.00,10730.00,
Chicken Biryani (Regular),2018-03-31,34.00,6290.00,
Chicken Biryani (Regular),2018-04-01,50.00,9250.00,
Chicken Biryani (Regular),2018-04-02,20.00,3700.00,
Chicken Biryani (Regular),2018-04-03,29.00,5365.00,
Chicken Biryani (Regular),2018-04-04,22.00,4070.00,
Chicken Biryani (Regular),2018-04-05,51.00,9435.00,
Chicken Biryani (Regular),2018-04-06,35.00,6475.00,
Chicken Biryani (Regular),2018-04-07,46.00,8510.00,
Chicken Biryani (Regular),2018-04-08,72.00,13320.00,
Chicken Biryani (Regular),2018-04-09,24.00,4440.00,
Chicken Biryani (Regular),2018-04-10,28.00,5180.00,
Chicken Biryani (Regular),2018-04-11,40.00,7400.00,
Chicken Biryani (Regular),2018-04-12,39.00,7215.00,
Chicken Biryani (Regular),2018-04-13,38.00,7030.00,
Chicken Biryani (Regular),2018-04-14,50.00,9250.00,
Chicken Biryani (Regular),2018-04-15,71.00,13135.00,
Chicken Biryani (Regular),2018-04-16,21.00,3885.00,
Chicken Biryani (Regular),2018-04-17,42.00,7770.00,
Chicken Biryani (Regular),2018-04-18,45.00,8325.00,
Chicken Biryani (Regular),2018-04-19,40.00,7400.00,
Chicken Biryani (Regular),2018-04-20,60.00,11100.00,
Chicken Biryani (Regular),2018-04-21,48.00,8880.00,
Chicken Biryani (Regular),2018-04-22,84.00,15540.00,
Chicken Biryani (Regular),2018-04-23,29.00,5365.00,
Chicken Biryani (Regular),2018-04-24,44.00,8140.00,
Chicken Biryani (Regular),2018-04-25,32.00,5920.00,
Chicken Biryani (Regular),2018-04-26,25.00,4625.00,
Chicken Biryani (Regular),2018-04-27,40.00,7400.00,
Chicken Biryani (Regular),2018-04-28,41.00,7585.00,
Chicken Biryani (Regular),2018-04-29,64.00,11840.00,
Chicken Biryani (Regular),2018-04-30,46.00,8510.00,
Chicken Biryani (Regular),2018-05-01,40.00,7400.00,
Chicken Biryani (Regular),2018-05-02,29.00,5365.00,
Chicken Biryani (Regular),2018-05-03,34.00,6290.00,
Chicken Biryani (Regular),2018-05-04,54.00,9990.00,
Chicken Biryani (Regular),2018-05-05,47.00,8695.00,
Chicken Biryani (Regular),2018-05-06,74.00,13690.00,
Chicken Biryani (Regular),2018-05-07,31.00,5735.00,
Chicken Biryani (Regular),2018-05-08,50.00,9250.00,
Chicken Biryani (Regular),2018-05-09,44.00,8140.00,
Chicken Biryani (Regular),2018-05-10,49.00,9065.00,
Chicken Biryani (Regular),2018-05-11,64.00,11840.00,
Chicken Biryani (Regular),2018-05-12,80.00,14800.00,
Chicken Biryani (Regular),2018-05-13,64.00,11840.00,
Chicken Biryani (Regular),2018-05-14,23.00,4255.00,
Chicken Biryani (Regular),2018-05-15,27.00,4995.00,
Chicken Biryani (Regular),2018-05-16,45.00,8325.00,
Chicken Biryani (Regular),2018-05-17,35.00,6475.00,
Chicken Biryani (Regular),2018-05-18,61.00,11285.00,
Chicken Biryani (Regular),2018-05-19,40.00,7400.00,
Chicken Biryani (Regular),2018-05-20,88.00,16280.00,
Chicken Biryani (Regular),2018-05-21,25.00,4625.00,
Chicken Biryani (Regular),2018-05-22,29.00,5365.00,
Chicken Biryani (Regular),2018-05-23,54.00,9990.00,
Chicken Biryani (Regular),2018-05-24,32.00,5920.00,
Chicken Biryani (Regular),2018-05-25,44.00,8140.00,
Chicken Biryani (Regular),2018-05-26,33.00,6105.00,
Chicken Biryani (Regular),2018-05-27,77.00,14245.00,
Chicken Biryani (Regular),2018-05-28,33.00,6105.00,
Chicken Biryani (Regular),2018-05-29,24.00,4440.00,
Chicken Biryani (Regular),2018-05-30,61.00,11285.00,
Chicken Biryani (Regular),2018-05-31,31.00,5735.00,
Chicken Biryani (Regular),2018-06-01,50.00,9250.00,
Chicken Biryani (Regular),2018-06-02,31.00,5735.00,
Chicken Biryani (Regular),2018-06-03,60.00,11100.00,
Chicken Biryani (Regular),2018-06-04,22.00,4070.00,
Chicken Biryani (Regular),2018-06-05,29.00,5365.00,
Chicken Biryani (Regular),2018-06-06,36.00,6660.00,
Chicken Biryani (Regular),2018-06-07,27.00,4995.00,
Chicken Biryani (Regular),2018-06-08,47.00,8695.00,
Chicken Biryani (Regular),2018-06-09,56.00,10360.00,
Chicken Biryani (Regular),2018-06-10,74.00,13690.00,
Chicken Biryani (Regular),2018-06-11,12.00,2220.00,
Chicken Biryani (Regular),2018-06-12,27.00,4995.00,
Chicken Biryani (Regular),2018-06-13,38.00,7030.00,
Chicken Biryani (Regular),2018-06-14,28.00,5180.00,
Chicken Biryani (Regular),2018-06-15,32.00,5920.00,
Chicken Biryani (Regular),2018-06-16,57.00,10545.00,
Chicken Biryani (Regular),2018-06-17,58.00,10730.00,
Chicken Biryani (Regular),2018-06-18,23.00,4255.00,
Chicken Biryani (Regular),2018-06-19,24.00,4440.00,
Chicken Biryani (Regular),2018-06-20,42.00,7770.00,
Chicken Biryani (Regular),2018-06-21,28.00,5180.00,
Chicken Biryani (Regular),2018-06-22,47.00,8695.00,
Chicken Biryani (Regular),2018-06-23,47.00,8695.00,
Chicken Biryani (Regular),2018-06-24,73.00,13505.00,
Chicken Biryani (Regular),2018-06-25,28.00,5180.00,
Chicken Biryani (Regular),2018-06-26,31.00,5735.00,
Chicken Biryani (Regular),2018-06-27,42.00,7770.00,
Chicken Biryani (Regular),2018-06-28,21.00,3885.00,
Chicken Biryani (Regular),2018-06-29,66.00,12210.00,
Chicken Biryani (Regular),2018-06-30,38.00,7030.00,
Chicken Biryani (Regular),2018-07-01,74.00,13690.00,
Chicken Biryani (Regular),2018-07-02,23.00,4255.00,
Chicken Biryani (Regular),2018-07-03,33.00,6105.00,
Chicken Biryani (Regular),2018-07-04,35.00,6475.00,
Chicken Biryani (Regular),2018-07-05,36.00,6660.00,
Chicken Biryani (Regular),2018-07-06,51.00,9435.00,
Chicken Biryani (Regular),2018-07-07,50.00,9250.00,
Chicken Biryani (Regular),2018-07-08,84.00,15540.00,
Chicken Biryani (Regular),2018-07-09,39.00,7215.00,
Chicken Biryani (Regular),2018-07-10,28.00,5180.00,
Chicken Biryani (Regular),2018-07-11,26.00,4810.00,
Chicken Biryani (Regular),2018-07-12,16.00,2960.00,
Chicken Biryani (Regular),2018-07-13,39.00,7215.00,
Chicken Biryani (Regular),2018-07-14,30.00,5550.00,
Chicken Biryani (Regular),2018-07-15,51.00,9435.00,
Chicken Biryani (Regular),2018-07-16,17.00,3145.00,
Chicken Biryani (Regular),2018-07-17,20.00,3700.00,
Chicken Biryani (Regular),2018-07-18,57.00,10545.00,
Chicken Biryani (Regular),2018-07-19,31.00,5735.00,
Chicken Biryani (Regular),2018-07-20,45.00,8325.00,
Chicken Biryani (Regular),2018-07-21,42.00,7770.00,
Chicken Biryani (Regular),2018-07-22,58.00,10730.00,
Chicken Biryani (Regular),2018-07-23,23.00,4255.00,
Chicken Biryani (Regular),2018-07-24,26.00,4810.00,
Chicken Biryani (Regular),2018-07-25,38.00,7030.00,
Chicken Biryani (Regular),2018-07-26,39.00,7215.00,
Chicken Biryani (Regular),2018-07-27,43.00,7955.00,
Chicken Biryani (Regular),2018-07-28,52.00,9620.00,
Chicken Biryani (Regular),2018-07-29,72.00,13320.00,
Chicken Biryani (Regular),2018-07-30,32.00,5920.00,
Chicken Biryani (Regular),2018-07-31,46.00,8510.00,
Chicken Biryani (Regular),2018-08-01,37.00,6845.00,
Chicken Biryani (Regular),2018-08-02,25.00,4625.00,
Chicken Biryani (Regular),2018-08-03,52.00,9620.00,
Chicken Biryani (Regular),2018-08-04,50.00,9250.00,
Chicken Biryani (Regular),2018-08-05,76.00,14060.00,
Chicken Biryani (Regular),2018-08-06,22.00,4070.00,
Chicken Biryani (Regular),2018-08-07,38.00,7030.00,
Chicken Biryani (Regular),2018-08-08,46.00,8510.00,
Chicken Biryani (Regular),2018-08-09,31.00,5735.00,
Chicken Biryani (Regular),2018-08-10,58.00,10730.00,
Chicken Biryani (Regular),2018-08-11,42.00,7770.00,
Chicken Biryani (Regular),2018-08-12,107.00,19795.00,
Chicken Biryani (Regular),2018-08-13,29.00,5365.00,
Chicken Biryani (Regular),2018-08-14,33.00,6105.00,
Chicken Biryani (Regular),2018-08-15,56.00,10360.00,
Chicken Biryani (Regular),2018-08-16,30.00,5550.00,
Chicken Biryani (Regular),2018-08-17,31.00,5735.00,
Chicken Biryani (Regular),2018-08-18,55.00,10175.00,
Chicken Biryani (Regular),2018-08-19,91.00,16835.00,
Chicken Biryani (Regular),2018-08-20,29.00,5365.00,
Chicken Biryani (Regular),2018-08-21,31.00,5735.00,
Chicken Biryani (Regular),2018-08-22,65.00,12025.00,
Chicken Biryani (Regular),2018-08-23,30.00,5550.00,
Chicken Biryani (Regular),2018-08-24,22.00,4070.00,
Chicken Biryani (Regular),2018-08-25,65.00,12025.00,
Chicken Biryani (Regular),2018-08-26,45.00,8325.00,
Chicken Biryani (Regular),2018-08-27,30.00,5550.00,
Chicken Biryani (Regular),2018-08-28,28.00,5180.00,
Chicken Biryani (Regular),2018-08-29,37.00,6845.00,
Chicken Biryani (Regular),2018-08-30,37.00,6845.00,
Chicken Biryani (Regular),2018-08-31,66.00,12210.00,
Chicken Biryani (Regular),2018-09-01,52.00,9620.00,
Chicken Biryani (Regular),2018-09-02,56.00,10360.00,
Chicken Biryani (Regular),2018-09-03,33.00,6105.00,
Chicken Biryani (Regular),2018-09-04,32.00,5920.00,
Chicken Biryani (Regular),2018-09-05,33.00,6105.00,
Chicken Biryani (Regular),2018-09-06,33.00,6105.00,
Chicken Biryani (Regular),2018-09-07,51.00,9435.00,
Chicken Biryani (Regular),2018-09-08,49.00,9065.00,
Chicken Biryani (Regular),2018-09-09,63.00,11655.00,
Chicken Biryani (Regular),2018-09-10,46.00,8510.00,
Chicken Biryani (Regular),2018-09-11,31.00,5735.00,
Chicken Biryani (Regular),2018-09-12,38.00,7030.00,
Chicken Biryani (Regular),2018-09-13,17.00,3145.00,
Chicken Biryani (Regular),2018-09-14,48.00,8880.00,
Chicken Biryani (Regular),2018-09-15,36.00,6660.00,
Chicken Biryani (Regular),2018-09-16,57.00,10545.00,
Chicken Biryani (Regular),2018-09-17,23.00,4255.00,
Chicken Biryani (Regular),2018-09-18,35.00,6475.00,
Chicken Biryani (Regular),2018-09-19,31.00,5735.00,
Chicken Biryani (Regular),2018-09-20,42.00,7770.00,
Chicken Biryani (Regular),2018-09-21,51.00,9435.00,
Chicken Biryani (Regular),2018-09-22,35.00,6475.00,
Chicken Biryani (Regular),2018-09-23,70.00,12950.00,
Chicken Biryani (Regular),2018-09-24,21.00,3885.00,
Chicken Biryani (Regular),2018-09-25,34.00,6290.00,
Chicken Biryani (Regular),2018-09-26,39.00,7215.00,
Chicken Biryani (Regular),2018-09-27,41.00,7585.00,
Chicken Biryani (Regular),2018-09-28,54.00,9990.00,
Chicken Biryani (Regular),2018-09-29,46.00,8510.00,
Chicken Biryani (Regular),2018-09-30,52.00,9620.00,
Chicken Biryani (Regular),2018-10-01,22.00,4070.00,
Chicken Biryani (Regular),2018-10-02,45.00,8325.00,
Chicken Biryani (Regular),2018-10-03,29.00,5365.00,
Chicken Biryani (Regular),2018-10-04,25.00,4625.00,
Chicken Biryani (Regular),2018-10-05,39.00,7215.00,
Chicken Biryani (Regular),2018-10-06,53.00,9805.00,
Chicken Biryani (Regular),2018-10-07,81.00,14985.00,
Chicken Biryani (Regular),2018-10-08,31.00,5735.00,
Chicken Biryani (Regular),2018-10-09,23.00,4255.00,
Chicken Biryani (Regular),2018-10-10,25.00,4625.00,
Chicken Biryani (Regular),2018-10-11,34.00,6290.00,
Chicken Biryani (Regular),2018-10-12,47.00,8695.00,
Chicken Biryani (Regular),2018-10-13,31.00,5735.00,
Chicken Biryani (Regular),2018-10-14,66.00,12210.00,
Chicken Biryani (Regular),2018-10-15,15.00,2775.00,
Chicken Biryani (Regular),2018-10-16,39.00,7215.00,
Chicken Biryani (Regular),2018-10-17,30.00,5550.00,
Chicken Biryani (Regular),2018-10-18,43.00,7955.00,
Chicken Biryani (Regular),2018-10-19,38.00,7030.00,
Chicken Biryani (Regular),2018-10-20,27.00,4995.00,
Chicken Biryani (Regular),2018-10-21,48.00,8880.00,
Chicken Biryani (Regular),2018-10-22,24.00,4440.00,
Chicken Biryani (Regular),2018-10-23,35.00,6475.00,
Chicken Biryani (Regular),2018-10-24,31.00,5735.00,
Chicken Biryani (Regular),2018-10-25,34.00,6290.00,
Chicken Biryani (Regular),2018-10-26,38.00,7030.00,
Chicken Biryani (Regular),2018-10-27,39.00,7215.00,
Chicken Biryani (Regular),2018-10-28,76.00,14060.00,
Chicken Biryani (Regular),2018-10-29,20.00,3700.00,
Chicken Biryani (Regular),2018-10-30,26.00,4810.00,
Chicken Biryani (Regular),2018-10-31,38.00,7030.00,
Chicken Biryani (Regular),2018-11-01,54.00,9990.00,
Chicken Biryani (Regular),2018-11-02,47.00,8695.00,
Chicken Biryani (Regular),2018-11-03,48.00,8880.00,
Chicken Biryani (Regular),2018-11-04,71.00,13135.00,
Chicken Biryani (Regular),2018-11-05,45.00,8325.00,
Chicken Biryani (Regular),2018-11-06,22.00,4070.00,
Chicken Biryani (Regular),2018-11-07,38.00,7030.00,
Chicken Biryani (Regular),2018-11-08,36.00,6660.00,
Chicken Biryani (Regular),2018-11-09,35.00,6475.00,
Chicken Biryani (Regular),2018-11-10,30.00,5550.00,
Chicken Biryani (Regular),2018-11-11,56.00,10360.00,
Chicken Biryani (Regular),2018-11-12,35.00,6475.00,
Chicken Biryani (Regular),2018-11-13,35.00,6475.00,
Chicken Biryani (Regular),2018-11-14,43.00,7955.00,
Chicken Biryani (Regular),2018-11-15,35.00,6475.00,
Chicken Biryani (Regular),2018-11-16,64.00,11840.00,
Chicken Biryani (Regular),2018-11-17,70.00,12950.00,
Chicken Biryani (Regular),2018-11-18,71.00,13135.00,
Chicken Biryani (Regular),2018-11-19,29.00,5365.00,
Chicken Biryani (Regular),2018-11-20,30.00,5550.00,
Chicken Biryani (Regular),2018-11-21,52.00,9620.00,
Chicken Biryani (Regular),2018-11-22,49.00,9065.00,
Chicken Biryani (Regular),2018-11-23,50.00,9250.00,
Chicken Biryani (Regular),2018-11-24,60.00,11100.00,
Chicken Biryani (Regular),2018-11-25,86.00,15910.00,
Chicken Biryani (Regular),2018-11-26,28.00,5180.00,
Chicken Biryani (Regular),2018-11-27,48.00,8880.00,
Chicken Biryani (Regular),2018-11-28,44.00,8140.00,
Chicken Biryani (Regular),2018-11-29,29.00,5365.00,
Chicken Biryani (Regular),2018-11-30,47.00,8695.00,
Chicken Biryani (Regular),2018-12-01,50.00,9250.00,
Chicken Biryani (Regular),2018-12-02,44.00,8140.00,
Chicken Biryani (Regular),2018-12-03,44.00,8140.00,
Chicken Biryani (Regular),2018-12-04,40.00,7400.00,
Chicken Biryani (Regular),2018-12-05,51.00,9435.00,
Chicken Biryani (Regular),2018-12-06,29.00,5365.00,
Chicken Biryani (Regular),2018-12-07,64.00,11840.00,
Chicken Biryani (Regular),2018-12-08,59.00,10915.00,
Chicken Biryani (Regular),2018-12-09,77.00,14245.00,
Chicken Biryani (Regular),2018-12-10,47.00,8695.00,
Chicken Biryani (Regular),2018-12-11,61.00,11285.00,
Chicken Biryani (Regular),2018-12-12,55.00,10175.00,
Chicken Biryani (Regular),2018-12-13,45.00,8325.00,
Chicken Biryani (Regular),2018-12-14,107.00,19795.00,
Chicken Biryani (Regular),2018-12-15,56.00,10360.00,
Chicken Biryani (Regular),2018-12-16,101.00,18685.00,
Chicken Biryani (Regular),2018-12-17,54.00,9990.00,
Chicken Biryani (Regular),2018-12-18,52.00,9620.00,
Chicken Biryani (Regular),2018-12-19,91.00,16835.00,
Chicken Biryani (Regular),2018-12-20,45.00,8325.00,
Chicken Biryani (Regular),2018-12-21,68.00,12580.00,
Chicken Biryani (Regular),2018-12-22,56.00,10360.00,
Chicken Biryani (Regular),2018-12-23,82.00,15170.00,
Chicken Biryani (Regular),2018-12-24,39.00,7215.00,
Chicken Biryani (Regular),2018-12-25,74.00,13690.00,
Chicken Biryani (Regular),2018-12-26,58.00,10730.00,
Chicken Biryani (Regular),2018-12-27,39.00,7215.00,
Chicken Biryani (Regular),2018-12-28,74.00,13690.00,
Chicken Biryani (Regular),2018-12-29,75.00,13875.00,
Chicken Biryani (Regular),2018-12-30,83.00,15355.00,
Chicken Biryani (Regular),2018-12-31,57.00,10545.00,
Chicken Biryani (Regular),2019-01-01,98.00,18130.00,
Chicken Biryani (Regular),2019-01-02,69.00,12765.00,
Chicken Biryani (Regular),2019-01-03,44.00,8140.00,
Chicken Biryani (Regular),2019-01-04,57.00,10545.00,
Chicken Biryani (Regular),2019-01-05,60.00,11100.00,
Chicken Biryani (Regular),2019-01-06,121.00,22385.00,
Chicken Biryani (Regular),2019-01-07,64.00,11840.00,
Chicken Biryani (Regular),2019-01-08,49.00,9065.00,
Chicken Biryani (Regular),2019-01-09,67.00,12395.00,
Chicken Biryani (Regular),2019-01-10,44.00,8140.00,
Chicken Biryani (Regular),2019-01-11,69.00,12765.00,
Chicken Biryani (Regular),2019-01-12,59.00,10915.00,
Chicken Biryani (Regular),2019-01-13,74.00,13690.00,
Chicken Biryani (Regular),2019-01-14,57.00,10545.00,
Chicken Biryani (Regular),2019-01-15,45.00,8325.00,
Chicken Biryani (Regular),2019-01-16,72.00,13320.00,
Chicken Biryani (Regular),2019-01-17,28.00,5180.00,
Chicken Biryani (Regular),2019-01-18,77.00,14245.00,
Chicken Biryani (Regular),2019-01-19,58.00,10730.00,
Chicken Biryani (Regular),2019-01-20,69.00,12765.00,
Chicken Biryani (Regular),2019-01-21,58.00,10730.00,
Chicken Biryani (Regular),2019-01-22,44.00,8140.00,
Chicken Biryani (Regular),2019-01-23,43.00,7955.00,
Chicken Biryani (Regular),2019-01-24,41.00,7585.00,
Chicken Biryani (Regular),2019-01-25,53.00,9805.00,
Chicken Biryani (Regular),2019-01-26,61.00,11285.00,
Chicken Biryani (Regular),2019-01-27,86.00,15910.00,
Chicken Biryani (Regular),2019-01-28,36.00,6660.00,
Chicken Biryani (Regular),2019-01-29,52.00,9620.00,
Chicken Biryani (Regular),2019-01-30,56.00,10360.00,
Chicken Biryani (Regular),2019-01-31,43.00,7955.00,
Chicken Biryani (Regular),2019-02-01,54.00,9990.00,
Chicken Biryani (Regular),2019-02-02,66.00,12210.00,
Chicken Biryani (Regular),2019-02-03,102.00,18870.00,
Chicken Biryani (Regular),2019-02-04,24.00,4440.00,
Chicken Biryani (Regular),2019-02-05,43.00,7955.00,
Chicken Biryani (Regular),2019-02-06,57.00,10545.00,
Chicken Biryani (Regular),2019-02-07,53.00,9805.00,
Chicken Biryani (Regular),2019-02-08,60.00,11100.00,
Chicken Biryani (Regular),2019-02-09,104.00,19240.00,
Chicken Biryani (Regular),2019-02-10,86.00,15910.00,
Chicken Biryani (Regular),2019-02-11,44.00,8140.00,
Chicken Biryani (Regular),2019-02-12,45.00,8325.00,
Chicken Biryani (Regular),2019-02-13,64.00,11840.00,
Chicken Biryani (Regular),2019-02-14,65.00,12025.00,
Chicken Biryani (Regular),2019-02-15,62.00,11470.00,
Chicken Biryani (Regular),2019-02-16,77.00,14245.00,
Chicken Biryani (Regular),2019-02-17,97.00,17945.00,
Chicken Biryani (Regular),2019-02-18,56.00,10360.00,
Chicken Biryani (Regular),2019-02-19,46.00,8510.00,
Chicken Biryani (Regular),2019-02-20,41.00,7585.00,
Chicken Biryani (Regular),2019-02-21,59.00,10915.00,
Chicken Biryani (Regular),2019-02-22,63.00,11655.00,
Chicken Biryani (Regular),2019-02-23,85.00,15725.00,
Chicken Biryani (Regular),2019-02-24,110.00,20350.00,
Chicken Biryani (Regular),2019-02-25,49.00,9065.00,
Chicken Biryani (Regular),2019-02-26,62.00,11470.00,
Chicken Biryani (Regular),2019-02-27,44.00,8140.00,
Chicken Biryani (Regular),2019-02-28,47.00,8695.00,
Chicken Biryani (Regular),2019-03-01,73.00,13505.00,
Chicken Biryani (Regular),2019-03-02,59.00,10915.00,
Chicken Biryani (Regular),2019-03-03,88.00,16280.00,
Chicken Biryani (Regular),2019-03-04,30.00,5550.00,
Chicken Biryani (Regular),2019-03-05,31.00,5735.00,
Chicken Biryani (Regular),2019-03-06,54.00,9990.00,
Chicken Biryani (Regular),2019-03-07,35.00,6475.00,
Chicken Biryani (Regular),2019-03-08,47.00,8695.00,
Chicken Biryani (Regular),2019-03-09,72.00,13320.00,
Chicken Biryani (Regular),2019-03-10,86.00,15910.00,
Chicken Biryani (Regular),2019-03-11,30.00,5550.00,
Chicken Biryani (Regular),2019-03-12,38.00,7030.00,
Chicken Biryani (Regular),2019-03-13,51.00,9435.00,
Chicken Biryani (Regular),2019-03-14,45.00,8325.00,
Chicken Biryani (Regular),2019-03-15,42.00,7770.00,
Chicken Biryani (Regular),2019-03-16,42.00,7770.00,
Chicken Biryani (Regular),2019-03-17,72.00,13320.00,
Chicken Biryani (Regular),2019-03-18,15.00,2775.00,
Chicken Biryani (Regular),2019-03-19,43.00,7955.00,
Chicken Biryani (Regular),2019-03-20,42.00,7770.00,
Chicken Biryani (Regular),2019-03-21,52.00,9620.00,
Chicken Biryani (Regular),2019-03-22,77.00,14245.00,
Chicken Biryani (Regular),2019-03-23,57.00,10545.00,
Chicken Biryani (Regular),2019-03-24,127.00,23495.00,
Chicken Biryani (Regular),2019-03-25,39.00,7215.00,
Chicken Biryani (Regular),2019-03-26,57.00,10545.00,
Chicken Biryani (Regular),2019-03-27,71.00,13135.00,
Chicken Biryani (Regular),2019-03-28,49.00,9065.00,
Chicken Biryani (Regular),2019-03-29,85.00,15725.00,
Chicken Biryani (Regular),2019-03-30,78.00,14430.00,
Chicken Biryani (Regular),2019-03-31,126.00,23310.00,
Chicken Biryani (Regular),2019-04-01,31.00,5735.00,
Chicken Biryani (Regular),2019-04-02,62.00,11470.00,
Chicken Biryani (Regular),2019-04-03,56.00,10360.00,
Chicken Biryani (Regular),2019-04-04,70.00,12950.00,
Chicken Biryani (Regular),2019-04-05,68.00,12580.00,
Chicken Biryani (Regular),2019-04-06,63.00,11655.00,
Chicken Biryani (Regular),2019-04-07,80.00,14800.00,
Chicken Biryani (Regular),2019-04-08,27.00,4995.00,
Chicken Biryani (Regular),2019-04-09,49.00,9065.00,
Chicken Biryani (Regular),2019-04-10,54.00,9990.00,
Chicken Biryani (Regular),2019-04-11,50.00,9250.00,
Chicken Biryani (Regular),2019-04-12,55.00,10175.00,
Chicken Biryani (Regular),2019-04-13,73.00,13505.00,
Chicken Biryani (Regular),2019-04-14,67.00,12395.00,
Chicken Biryani (Regular),2019-04-15,53.00,9805.00,
Chicken Biryani (Regular),2019-04-16,64.00,11840.00,
Chicken Biryani (Regular),2019-04-17,68.00,12580.00,
Chicken Biryani (Regular),2019-04-18,50.00,9250.00,
Chicken Biryani (Regular),2019-04-19,73.00,13505.00,
Chicken Biryani (Regular),2019-04-20,69.00,12765.00,
Chicken Biryani (Regular),2019-04-21,89.00,16465.00,
Chicken Biryani (Regular),2019-04-22,40.00,7400.00,
Chicken Biryani (Regular),2019-04-23,57.00,10545.00,
Chicken Biryani (Regular),2019-04-24,56.00,10360.00,
Chicken Biryani (Regular),2019-04-25,49.00,9065.00,
Chicken Biryani (Regular),2019-04-26,78.00,14430.00,
Chicken Biryani (Regular),2019-04-27,65.00,12025.00,
Chicken Biryani (Regular),2019-04-28,162.00,29970.00,
Chicken Biryani (Regular),2019-04-29,54.00,9990.00,
Chicken Biryani (Regular),2019-04-30,48.00,8880.00,
Chicken Biryani (Regular),2019-05-01,115.00,21275.00,
Chicken Biryani (Regular),2019-05-02,36.00,6660.00,
Chicken Biryani (Regular),2019-05-03,106.00,19610.00,
Chicken Biryani (Regular),2019-05-04,88.00,16280.00,
Chicken Biryani (Regular),2019-05-05,92.00,17020.00,
Chicken Biryani (Regular),2019-05-06,54.00,9990.00,
Chicken Biryani (Regular),2019-05-07,53.00,9805.00,
Chicken Biryani (Regular),2019-05-08,72.00,13320.00,
Chicken Biryani (Regular),2019-05-09,87.00,16095.00,
Chicken Biryani (Regular),2019-05-10,132.00,24420.00,
Chicken Biryani (Regular),2019-05-11,105.00,19425.00,
Chicken Biryani (Regular),2019-05-12,132.00,24420.00,
Chicken Biryani (Regular),2019-05-13,63.00,11655.00,
Chicken Biryani (Regular),2019-05-14,60.00,11100.00,
Chicken Biryani (Regular),2019-05-15,49.00,9065.00,
Chicken Biryani (Regular),2019-05-16,57.00,10545.00,
Chicken Biryani (Regular),2019-05-17,82.00,15170.00,
Chicken Biryani (Regular),2019-05-18,67.00,12395.00,
Chicken Biryani (Regular),2019-05-19,94.00,17390.00,
Chicken Biryani (Regular),2019-05-20,55.00,10175.00,
Chicken Biryani (Regular),2019-05-21,51.00,9435.00,
Chicken Biryani (Regular),2019-05-22,83.00,15355.00,
Chicken Biryani (Regular),2019-05-23,65.00,12025.00,
Chicken Biryani (Regular),2019-05-24,59.00,10915.00,
Chicken Biryani (Regular),2019-05-25,82.00,15170.00,
Chicken Biryani (Regular),2019-05-26,108.00,19980.00,
Chicken Biryani (Regular),2019-05-27,64.00,11840.00,
Chicken Biryani (Regular),2019-05-28,35.00,6475.00,
Chicken Biryani (Regular),2019-05-29,47.00,8695.00,
Chicken Biryani (Regular),2019-05-30,41.00,7585.00,
Chicken Biryani (Regular),2019-05-31,80.00,14800.00,
Boneless Chicken Biryani (Regular),2018-01-01,26.00,5070.00,
Boneless Chicken Biryani (Regular),2018-01-02,14.00,2730.00,
Boneless Chicken Biryani (Regular),2018-01-03,20.00,3900.00,
Boneless Chicken Biryani (Regular),2018-01-04,17.00,3315.00,
Boneless Chicken Biryani (Regular),2018-01-05,33.00,6435.00,
Boneless Chicken Biryani (Regular),2018-01-06,23.00,4485.00,
Boneless Chicken Biryani (Regular),2018-01-07,61.00,11895.00,
Boneless Chicken Biryani (Regular),2018-01-08,12.00,2340.00,
Boneless Chicken Biryani (Regular),2018-01-09,13.00,2535.00,
Boneless Chicken Biryani (Regular),2018-01-10,23.00,4485.00,
Boneless Chicken Biryani (Regular),2018-01-11,16.00,3120.00,
Boneless Chicken Biryani (Regular),2018-01-12,25.00,4875.00,
Boneless Chicken Biryani (Regular),2018-01-13,19.00,3705.00,
Boneless Chicken Biryani (Regular),2018-01-14,26.00,5070.00,
Boneless Chicken Biryani (Regular),2018-01-15,14.00,2730.00,
Boneless Chicken Biryani (Regular),2018-01-16,18.00,3510.00,
Boneless Chicken Biryani (Regular),2018-01-17,14.00,2730.00,
Boneless Chicken Biryani (Regular),2018-01-18,10.00,1950.00,
Boneless Chicken Biryani (Regular),2018-01-19,24.00,4680.00,
Boneless Chicken Biryani (Regular),2018-01-20,22.00,4290.00,
Boneless Chicken Biryani (Regular),2018-01-21,41.00,7995.00,
Boneless Chicken Biryani (Regular),2018-01-22,11.00,2145.00,
Boneless Chicken Biryani (Regular),2018-01-23,15.00,2925.00,
Boneless Chicken Biryani (Regular),2018-01-24,17.00,3315.00,
Boneless Chicken Biryani (Regular),2018-01-25,13.00,2535.00,
Boneless Chicken Biryani (Regular),2018-01-26,44.00,8580.00,
Boneless Chicken Biryani (Regular),2018-01-27,27.00,5265.00,
Boneless Chicken Biryani (Regular),2018-01-28,34.00,6630.00,
Boneless Chicken Biryani (Regular),2018-01-29,16.00,3120.00,
Boneless Chicken Biryani (Regular),2018-01-30,20.00,3900.00,
Boneless Chicken Biryani (Regular),2018-01-31,17.00,3315.00,
Boneless Chicken Biryani (Regular),2018-02-01,22.00,4290.00,
Boneless Chicken Biryani (Regular),2018-02-02,36.00,7020.00,
Boneless Chicken Biryani (Regular),2018-02-03,37.00,7215.00,
Boneless Chicken Biryani (Regular),2018-02-04,57.00,11115.00,
Boneless Chicken Biryani (Regular),2018-02-05,15.00,2925.00,
Boneless Chicken Biryani (Regular),2018-02-06,21.00,4095.00,
Boneless Chicken Biryani (Regular),2018-02-07,20.00,3900.00,
Boneless Chicken Biryani (Regular),2018-02-08,27.00,5265.00,
Boneless Chicken Biryani (Regular),2018-02-09,34.00,6630.00,
Boneless Chicken Biryani (Regular),2018-02-10,29.00,5655.00,
Boneless Chicken Biryani (Regular),2018-02-11,27.00,5265.00,
Boneless Chicken Biryani (Regular),2018-02-12,7.00,1365.00,
Boneless Chicken Biryani (Regular),2018-02-13,14.00,2730.00,
Boneless Chicken Biryani (Regular),2018-02-14,22.00,4290.00,
Boneless Chicken Biryani (Regular),2018-02-15,9.00,1755.00,
Boneless Chicken Biryani (Regular),2018-02-16,41.00,7995.00,
Boneless Chicken Biryani (Regular),2018-02-17,34.00,6630.00,
Boneless Chicken Biryani (Regular),2018-02-18,45.00,8775.00,
Boneless Chicken Biryani (Regular),2018-02-19,13.00,2535.00,
Boneless Chicken Biryani (Regular),2018-02-20,12.00,2340.00,
Boneless Chicken Biryani (Regular),2018-02-21,26.00,5070.00,
Boneless Chicken Biryani (Regular),2018-02-22,15.00,2925.00,
Boneless Chicken Biryani (Regular),2018-02-23,36.00,7020.00,
Boneless Chicken Biryani (Regular),2018-02-24,38.00,7410.00,
Boneless Chicken Biryani (Regular),2018-02-25,54.00,10530.00,
Boneless Chicken Biryani (Regular),2018-02-26,16.00,3120.00,
Boneless Chicken Biryani (Regular),2018-02-27,16.00,3120.00,
Boneless Chicken Biryani (Regular),2018-02-28,18.00,3510.00,
Boneless Chicken Biryani (Regular),2018-03-01,20.00,3900.00,
Boneless Chicken Biryani (Regular),2018-03-02,35.00,6825.00,
Boneless Chicken Biryani (Regular),2018-03-03,33.00,6435.00,
Boneless Chicken Biryani (Regular),2018-03-04,47.00,9165.00,
Boneless Chicken Biryani (Regular),2018-03-05,30.00,5850.00,
Boneless Chicken Biryani (Regular),2018-03-06,13.00,2535.00,
Boneless Chicken Biryani (Regular),2018-03-07,29.00,5655.00,
Boneless Chicken Biryani (Regular),2018-03-08,22.00,4290.00,
Boneless Chicken Biryani (Regular),2018-03-09,30.00,5850.00,
Boneless Chicken Biryani (Regular),2018-03-10,36.00,7020.00,
Boneless Chicken Biryani (Regular),2018-03-11,56.00,10920.00,
Boneless Chicken Biryani (Regular),2018-03-12,25.00,4875.00,
Boneless Chicken Biryani (Regular),2018-03-13,22.00,4290.00,
Boneless Chicken Biryani (Regular),2018-03-14,28.00,5460.00,
Boneless Chicken Biryani (Regular),2018-03-15,16.00,3120.00,
Boneless Chicken Biryani (Regular),2018-03-16,37.00,7215.00,
Boneless Chicken Biryani (Regular),2018-03-17,31.00,6045.00,
Boneless Chicken Biryani (Regular),2018-03-18,47.00,9165.00,
Boneless Chicken Biryani (Regular),2018-03-19,21.00,4095.00,
Boneless Chicken Biryani (Regular),2018-03-20,15.00,2925.00,
Boneless Chicken Biryani (Regular),2018-03-21,19.00,3705.00,
Boneless Chicken Biryani (Regular),2018-03-22,16.00,3120.00,
Boneless Chicken Biryani (Regular),2018-03-23,15.00,2925.00,
Boneless Chicken Biryani (Regular),2018-03-24,29.00,5655.00,
Boneless Chicken Biryani (Regular),2018-03-25,19.00,3705.00,
Boneless Chicken Biryani (Regular),2018-03-26,19.00,3705.00,
Boneless Chicken Biryani (Regular),2018-03-27,19.00,3705.00,
Boneless Chicken Biryani (Regular),2018-03-28,12.00,2340.00,
Boneless Chicken Biryani (Regular),2018-03-29,21.00,4095.00,
Boneless Chicken Biryani (Regular),2018-03-30,48.00,9360.00,
Boneless Chicken Biryani (Regular),2018-03-31,37.00,7215.00,
Boneless Chicken Biryani (Regular),2018-04-01,41.00,7995.00,
Boneless Chicken Biryani (Regular),2018-04-02,14.00,2730.00,
Boneless Chicken Biryani (Regular),2018-04-03,11.00,2145.00,
Boneless Chicken Biryani (Regular),2018-04-04,16.00,3120.00,
Boneless Chicken Biryani (Regular),2018-04-05,20.00,3900.00,
Boneless Chicken Biryani (Regular),2018-04-06,24.00,4680.00,
Boneless Chicken Biryani (Regular),2018-04-07,25.00,4875.00,
Boneless Chicken Biryani (Regular),2018-04-08,55.00,10725.00,
Boneless Chicken Biryani (Regular),2018-04-09,14.00,2730.00,
Boneless Chicken Biryani (Regular),2018-04-10,16.00,3120.00,
Boneless Chicken Biryani (Regular),2018-04-11,34.00,6630.00,
Boneless Chicken Biryani (Regular),2018-04-12,18.00,3510.00,
Boneless Chicken Biryani (Regular),2018-04-13,19.00,3705.00,
Boneless Chicken Biryani (Regular),2018-04-14,29.00,5655.00,
Boneless Chicken Biryani (Regular),2018-04-15,51.00,9945.00,
Boneless Chicken Biryani (Regular),2018-04-16,20.00,3900.00,
Boneless Chicken Biryani (Regular),2018-04-17,19.00,3705.00,
Boneless Chicken Biryani (Regular),2018-04-18,26.00,5070.00,
Boneless Chicken Biryani (Regular),2018-04-19,13.00,2535.00,
Boneless Chicken Biryani (Regular),2018-04-20,31.00,6045.00,
Boneless Chicken Biryani (Regular),2018-04-21,39.00,7605.00,
Boneless Chicken Biryani (Regular),2018-04-22,101.00,19695.00,
Boneless Chicken Biryani (Regular),2018-04-23,26.00,5070.00,
Boneless Chicken Biryani (Regular),2018-04-24,16.00,3120.00,
Boneless Chicken Biryani (Regular),2018-04-25,15.00,2925.00,
Boneless Chicken Biryani (Regular),2018-04-26,16.00,3120.00,
Boneless Chicken Biryani (Regular),2018-04-27,34.00,6630.00,
Boneless Chicken Biryani (Regular),2018-04-28,35.00,6825.00,
Boneless Chicken Biryani (Regular),2018-04-29,51.00,9945.00,
Boneless Chicken Biryani (Regular),2018-04-30,20.00,3900.00,
Boneless Chicken Biryani (Regular),2018-05-01,44.00,8580.00,
Boneless Chicken Biryani (Regular),2018-05-02,24.00,4680.00,
Boneless Chicken Biryani (Regular),2018-05-03,25.00,4875.00,
Boneless Chicken Biryani (Regular),2018-05-04,30.00,5850.00,
Boneless Chicken Biryani (Regular),2018-05-05,50.00,9750.00,
Boneless Chicken Biryani (Regular),2018-05-06,45.00,8775.00,
Boneless Chicken Biryani (Regular),2018-05-07,19.00,3705.00,
Boneless Chicken Biryani (Regular),2018-05-08,21.00,4095.00,
Boneless Chicken Biryani (Regular),2018-05-09,26.00,5070.00,
Boneless Chicken Biryani (Regular),2018-05-10,26.00,5070.00,
Boneless Chicken Biryani (Regular),2018-05-11,50.00,9750.00,
Boneless Chicken Biryani (Regular),2018-05-12,57.00,11115.00,
Boneless Chicken Biryani (Regular),2018-05-13,51.00,9945.00,
Boneless Chicken Biryani (Regular),2018-05-14,26.00,5070.00,
Boneless Chicken Biryani (Regular),2018-05-15,20.00,3900.00,
Boneless Chicken Biryani (Regular),2018-05-16,33.00,6435.00,
Boneless Chicken Biryani (Regular),2018-05-17,20.00,3900.00,
Boneless Chicken Biryani (Regular),2018-05-18,51.00,9945.00,
Boneless Chicken Biryani (Regular),2018-05-19,52.00,10140.00,
Boneless Chicken Biryani (Regular),2018-05-20,60.00,11700.00,
Boneless Chicken Biryani (Regular),2018-05-21,13.00,2535.00,
Boneless Chicken Biryani (Regular),2018-05-22,20.00,3900.00,
Boneless Chicken Biryani (Regular),2018-05-23,15.00,2925.00,
Boneless Chicken Biryani (Regular),2018-05-24,11.00,2145.00,
Boneless Chicken Biryani (Regular),2018-05-25,28.00,5460.00,
Boneless Chicken Biryani (Regular),2018-05-26,34.00,6630.00,
Boneless Chicken Biryani (Regular),2018-05-27,40.00,7800.00,
Boneless Chicken Biryani (Regular),2018-05-28,33.00,6435.00,
Boneless Chicken Biryani (Regular),2018-05-29,12.00,2340.00,
Boneless Chicken Biryani (Regular),2018-05-30,16.00,3120.00,
Boneless Chicken Biryani (Regular),2018-05-31,22.00,4290.00,
Boneless Chicken Biryani (Regular),2018-06-01,51.00,9945.00,
Boneless Chicken Biryani (Regular),2018-06-02,40.00,7800.00,
Boneless Chicken Biryani (Regular),2018-06-03,86.00,16770.00,
Boneless Chicken Biryani (Regular),2018-06-04,16.00,3120.00,
Boneless Chicken Biryani (Regular),2018-06-05,32.00,6240.00,
Boneless Chicken Biryani (Regular),2018-06-06,14.00,2730.00,
Boneless Chicken Biryani (Regular),2018-06-07,31.00,6045.00,
Boneless Chicken Biryani (Regular),2018-06-08,32.00,6240.00,
Boneless Chicken Biryani (Regular),2018-06-09,31.00,6045.00,
Boneless Chicken Biryani (Regular),2018-06-10,43.00,8385.00,
Boneless Chicken Biryani (Regular),2018-06-11,10.00,1950.00,
Boneless Chicken Biryani (Regular),2018-06-12,13.00,2535.00,
Boneless Chicken Biryani (Regular),2018-06-13,13.00,2535.00,
Boneless Chicken Biryani (Regular),2018-06-14,19.00,3705.00,
Boneless Chicken Biryani (Regular),2018-06-15,36.00,7020.00,
Boneless Chicken Biryani (Regular),2018-06-16,27.00,5265.00,
Boneless Chicken Biryani (Regular),2018-06-17,56.00,10920.00,
Boneless Chicken Biryani (Regular),2018-06-18,15.00,2925.00,
Boneless Chicken Biryani (Regular),2018-06-19,10.00,1950.00,
Boneless Chicken Biryani (Regular),2018-06-20,29.00,5655.00,
Boneless Chicken Biryani (Regular),2018-06-21,33.00,6435.00,
Boneless Chicken Biryani (Regular),2018-06-22,35.00,6825.00,
Boneless Chicken Biryani (Regular),2018-06-23,25.00,4875.00,
Boneless Chicken Biryani (Regular),2018-06-24,43.00,8385.00,
Boneless Chicken Biryani (Regular),2018-06-25,15.00,2925.00,
Boneless Chicken Biryani (Regular),2018-06-26,22.00,4290.00,
Boneless Chicken Biryani (Regular),2018-06-27,30.00,5850.00,
Boneless Chicken Biryani (Regular),2018-06-28,21.00,4095.00,
Boneless Chicken Biryani (Regular),2018-06-29,35.00,6825.00,
Boneless Chicken Biryani (Regular),2018-06-30,31.00,6045.00,
Boneless Chicken Biryani (Regular),2018-07-01,61.00,11895.00,
Boneless Chicken Biryani (Regular),2018-07-02,14.00,2730.00,
Boneless Chicken Biryani (Regular),2018-07-03,28.00,5460.00,
Boneless Chicken Biryani (Regular),2018-07-04,25.00,4875.00,
Boneless Chicken Biryani (Regular),2018-07-05,21.00,4095.00,
Boneless Chicken Biryani (Regular),2018-07-06,30.00,5850.00,
Boneless Chicken Biryani (Regular),2018-07-07,33.00,6435.00,
Boneless Chicken Biryani (Regular),2018-07-08,57.00,11115.00,
Boneless Chicken Biryani (Regular),2018-07-09,14.00,2730.00,
Boneless Chicken Biryani (Regular),2018-07-10,18.00,3510.00,
Boneless Chicken Biryani (Regular),2018-07-11,13.00,2535.00,
Boneless Chicken Biryani (Regular),2018-07-12,8.00,1560.00,
Boneless Chicken Biryani (Regular),2018-07-13,25.00,4875.00,
Boneless Chicken Biryani (Regular),2018-07-14,27.00,5265.00,
Boneless Chicken Biryani (Regular),2018-07-15,37.00,7215.00,
Boneless Chicken Biryani (Regular),2018-07-16,10.00,1950.00,
Boneless Chicken Biryani (Regular),2018-07-17,18.00,3510.00,
Boneless Chicken Biryani (Regular),2018-07-18,18.00,3510.00,
Boneless Chicken Biryani (Regular),2018-07-19,22.00,4290.00,
Boneless Chicken Biryani (Regular),2018-07-20,41.00,7995.00,
Boneless Chicken Biryani (Regular),2018-07-21,36.00,7020.00,
Boneless Chicken Biryani (Regular),2018-07-22,41.00,7995.00,
Boneless Chicken Biryani (Regular),2018-07-23,21.00,4095.00,
Boneless Chicken Biryani (Regular),2018-07-24,19.00,3705.00,
Boneless Chicken Biryani (Regular),2018-07-25,19.00,3705.00,
Boneless Chicken Biryani (Regular),2018-07-26,17.00,3315.00,
Boneless Chicken Biryani (Regular),2018-07-27,29.00,5655.00,
Boneless Chicken Biryani (Regular),2018-07-28,34.00,6630.00,
Boneless Chicken Biryani (Regular),2018-07-29,62.00,12090.00,
Boneless Chicken Biryani (Regular),2018-07-30,13.00,2535.00,
Boneless Chicken Biryani (Regular),2018-07-31,18.00,3510.00,
Boneless Chicken Biryani (Regular),2018-08-01,25.00,4875.00,
Boneless Chicken Biryani (Regular),2018-08-02,21.00,4095.00,
Boneless Chicken Biryani (Regular),2018-08-03,20.00,3900.00,
Boneless Chicken Biryani (Regular),2018-08-04,26.00,5070.00,
Boneless Chicken Biryani (Regular),2018-08-05,53.00,10335.00,
Boneless Chicken Biryani (Regular),2018-08-06,18.00,3510.00,
Boneless Chicken Biryani (Regular),2018-08-07,17.00,3315.00,
Boneless Chicken Biryani (Regular),2018-08-08,29.00,5655.00,
Boneless Chicken Biryani (Regular),2018-08-09,16.00,3120.00,
Boneless Chicken Biryani (Regular),2018-08-10,33.00,6435.00,
Boneless Chicken Biryani (Regular),2018-08-11,23.00,4485.00,
Boneless Chicken Biryani (Regular),2018-08-12,43.00,8385.00,
Boneless Chicken Biryani (Regular),2018-08-13,25.00,4875.00,
Boneless Chicken Biryani (Regular),2018-08-14,28.00,5460.00,
Boneless Chicken Biryani (Regular),2018-08-15,48.00,9360.00,
Boneless Chicken Biryani (Regular),2018-08-16,16.00,3120.00,
Boneless Chicken Biryani (Regular),2018-08-17,20.00,3900.00,
Boneless Chicken Biryani (Regular),2018-08-18,27.00,5265.00,
Boneless Chicken Biryani (Regular),2018-08-19,49.00,9555.00,
Boneless Chicken Biryani (Regular),2018-08-20,10.00,1950.00,
Boneless Chicken Biryani (Regular),2018-08-21,17.00,3315.00,
Boneless Chicken Biryani (Regular),2018-08-22,23.00,4485.00,
Boneless Chicken Biryani (Regular),2018-08-23,12.00,2340.00,
Boneless Chicken Biryani (Regular),2018-08-24,23.00,4485.00,
Boneless Chicken Biryani (Regular),2018-08-25,37.00,7215.00,
Boneless Chicken Biryani (Regular),2018-08-26,36.00,7020.00,
Boneless Chicken Biryani (Regular),2018-08-27,16.00,3120.00,
Boneless Chicken Biryani (Regular),2018-08-28,15.00,2925.00,
Boneless Chicken Biryani (Regular),2018-08-29,25.00,4875.00,
Boneless Chicken Biryani (Regular),2018-08-30,21.00,4095.00,
Boneless Chicken Biryani (Regular),2018-08-31,36.00,7020.00,
Boneless Chicken Biryani (Regular),2018-09-01,33.00,6435.00,
Boneless Chicken Biryani (Regular),2018-09-02,39.00,7605.00,
Boneless Chicken Biryani (Regular),2018-09-03,12.00,2340.00,
Boneless Chicken Biryani (Regular),2018-09-04,15.00,2925.00,
Boneless Chicken Biryani (Regular),2018-09-05,16.00,3120.00,
Boneless Chicken Biryani (Regular),2018-09-06,16.00,3120.00,
Boneless Chicken Biryani (Regular),2018-09-07,25.00,4875.00,
Boneless Chicken Biryani (Regular),2018-09-08,44.00,8580.00,
Boneless Chicken Biryani (Regular),2018-09-09,54.00,10530.00,
Boneless Chicken Biryani (Regular),2018-09-10,34.00,6630.00,
Boneless Chicken Biryani (Regular),2018-09-11,18.00,3510.00,
Boneless Chicken Biryani (Regular),2018-09-12,27.00,5265.00,
Boneless Chicken Biryani (Regular),2018-09-13,13.00,2535.00,
Boneless Chicken Biryani (Regular),2018-09-14,20.00,3900.00,
Boneless Chicken Biryani (Regular),2018-09-15,21.00,4095.00,
Boneless Chicken Biryani (Regular),2018-09-16,30.00,5850.00,
Boneless Chicken Biryani (Regular),2018-09-17,17.00,3315.00,
Boneless Chicken Biryani (Regular),2018-09-18,20.00,3900.00,
Boneless Chicken Biryani (Regular),2018-09-19,20.00,3900.00,
Boneless Chicken Biryani (Regular),2018-09-20,12.00,2340.00,
Boneless Chicken Biryani (Regular),2018-09-21,38.00,7410.00,
Boneless Chicken Biryani (Regular),2018-09-22,32.00,6240.00,
Boneless Chicken Biryani (Regular),2018-09-23,51.00,9945.00,
Boneless Chicken Biryani (Regular),2018-09-24,11.00,2145.00,
Boneless Chicken Biryani (Regular),2018-09-25,17.00,3315.00,
Boneless Chicken Biryani (Regular),2018-09-26,22.00,4290.00,
Boneless Chicken Biryani (Regular),2018-09-27,18.00,3510.00,
Boneless Chicken Biryani (Regular),2018-09-28,37.00,7215.00,
Boneless Chicken Biryani (Regular),2018-09-29,24.00,4680.00,
Boneless Chicken Biryani (Regular),2018-09-30,46.00,8970.00,
Boneless Chicken Biryani (Regular),2018-10-01,16.00,3120.00,
Boneless Chicken Biryani (Regular),2018-10-02,26.00,5070.00,
Boneless Chicken Biryani (Regular),2018-10-03,22.00,4290.00,
Boneless Chicken Biryani (Regular),2018-10-04,15.00,2925.00,
Boneless Chicken Biryani (Regular),2018-10-05,30.00,5850.00,
Boneless Chicken Biryani (Regular),2018-10-06,29.00,5655.00,
Boneless Chicken Biryani (Regular),2018-10-07,53.00,10335.00,
Boneless Chicken Biryani (Regular),2018-10-08,16.00,3120.00,
Boneless Chicken Biryani (Regular),2018-10-09,23.00,4485.00,
Boneless Chicken Biryani (Regular),2018-10-10,27.00,5265.00,
Boneless Chicken Biryani (Regular),2018-10-11,13.00,2535.00,
Boneless Chicken Biryani (Regular),2018-10-12,28.00,5460.00,
Boneless Chicken Biryani (Regular),2018-10-13,30.00,5850.00,
Boneless Chicken Biryani (Regular),2018-10-14,40.00,7800.00,
Boneless Chicken Biryani (Regular),2018-10-15,9.00,1755.00,
Boneless Chicken Biryani (Regular),2018-10-16,17.00,3315.00,
Boneless Chicken Biryani (Regular),2018-10-17,14.00,2730.00,
Boneless Chicken Biryani (Regular),2018-10-18,30.00,5850.00,
Boneless Chicken Biryani (Regular),2018-10-19,21.00,4095.00,
Boneless Chicken Biryani (Regular),2018-10-20,21.00,4095.00,
Boneless Chicken Biryani (Regular),2018-10-21,37.00,7215.00,
Boneless Chicken Biryani (Regular),2018-10-22,15.00,2925.00,
Boneless Chicken Biryani (Regular),2018-10-23,19.00,3705.00,
Boneless Chicken Biryani (Regular),2018-10-24,23.00,4485.00,
Boneless Chicken Biryani (Regular),2018-10-25,16.00,3120.00,
Boneless Chicken Biryani (Regular),2018-10-26,30.00,5850.00,
Boneless Chicken Biryani (Regular),2018-10-27,30.00,5850.00,
Boneless Chicken Biryani (Regular),2018-10-28,49.00,9555.00,
Boneless Chicken Biryani (Regular),2018-10-29,18.00,3510.00,
Boneless Chicken Biryani (Regular),2018-10-30,25.00,4875.00,
Boneless Chicken Biryani (Regular),2018-10-31,50.00,9750.00,
Boneless Chicken Biryani (Regular),2018-11-01,65.00,12675.00,
Boneless Chicken Biryani (Regular),2018-11-02,78.00,15210.00,
Boneless Chicken Biryani (Regular),2018-11-03,50.00,9750.00,
Boneless Chicken Biryani (Regular),2018-11-04,89.00,17355.00,
Boneless Chicken Biryani (Regular),2018-11-05,42.00,8190.00,
Boneless Chicken Biryani (Regular),2018-11-06,47.00,9165.00,
Boneless Chicken Biryani (Regular),2018-11-07,18.00,3510.00,
Boneless Chicken Biryani (Regular),2018-11-08,36.00,7020.00,
Boneless Chicken Biryani (Regular),2018-11-09,83.00,16185.00,
Boneless Chicken Biryani (Regular),2018-11-10,69.00,13455.00,
Boneless Chicken Biryani (Regular),2018-11-11,74.00,14430.00,
Boneless Chicken Biryani (Regular),2018-11-12,19.00,3705.00,
Boneless Chicken Biryani (Regular),2018-11-13,36.00,7020.00,
Boneless Chicken Biryani (Regular),2018-11-14,21.00,4095.00,
Boneless Chicken Biryani (Regular),2018-11-15,40.00,7800.00,
Boneless Chicken Biryani (Regular),2018-11-16,47.00,9165.00,
Boneless Chicken Biryani (Regular),2018-11-17,42.00,8190.00,
Boneless Chicken Biryani (Regular),2018-11-18,46.00,8970.00,
Boneless Chicken Biryani (Regular),2018-11-19,19.00,3705.00,
Boneless Chicken Biryani (Regular),2018-11-20,22.00,4290.00,
Boneless Chicken Biryani (Regular),2018-11-21,16.00,3120.00,
Boneless Chicken Biryani (Regular),2018-11-22,23.00,4485.00,
Boneless Chicken Biryani (Regular),2018-11-23,34.00,6630.00,
Boneless Chicken Biryani (Regular),2018-11-24,28.00,5460.00,
Boneless Chicken Biryani (Regular),2018-11-25,61.00,11895.00,
Boneless Chicken Biryani (Regular),2018-11-26,18.00,3510.00,
Boneless Chicken Biryani (Regular),2018-11-27,27.00,5265.00,
Boneless Chicken Biryani (Regular),2018-11-28,20.00,3900.00,
Boneless Chicken Biryani (Regular),2018-11-29,22.00,4290.00,
Boneless Chicken Biryani (Regular),2018-11-30,46.00,8970.00,
Boneless Chicken Biryani (Regular),2018-12-01,28.00,5460.00,
Boneless Chicken Biryani (Regular),2018-12-02,47.00,9165.00,
Boneless Chicken Biryani (Regular),2018-12-03,7.00,1365.00,
Boneless Chicken Biryani (Regular),2018-12-04,15.00,2925.00,
Boneless Chicken Biryani (Regular),2018-12-05,17.00,3315.00,
Boneless Chicken Biryani (Regular),2018-12-06,18.00,3510.00,
Boneless Chicken Biryani (Regular),2018-12-07,21.00,4095.00,
Boneless Chicken Biryani (Regular),2018-12-08,30.00,5850.00,
Boneless Chicken Biryani (Regular),2018-12-09,45.00,8775.00,
Boneless Chicken Biryani (Regular),2018-12-10,12.00,2340.00,
Boneless Chicken Biryani (Regular),2018-12-11,18.00,3510.00,
Boneless Chicken Biryani (Regular),2018-12-12,22.00,4290.00,
Boneless Chicken Biryani (Regular),2018-12-13,22.00,4290.00,
Boneless Chicken Biryani (Regular),2018-12-14,26.00,5070.00,
Boneless Chicken Biryani (Regular),2018-12-15,21.00,4095.00,
Boneless Chicken Biryani (Regular),2018-12-16,45.00,8775.00,
Boneless Chicken Biryani (Regular),2018-12-17,13.00,2535.00,
Boneless Chicken Biryani (Regular),2018-12-18,20.00,3900.00,
Boneless Chicken Biryani (Regular),2018-12-19,33.00,6435.00,
Boneless Chicken Biryani (Regular),2018-12-20,25.00,4875.00,
Boneless Chicken Biryani (Regular),2018-12-21,26.00,5070.00,
Boneless Chicken Biryani (Regular),2018-12-22,27.00,5265.00,
Boneless Chicken Biryani (Regular),2018-12-23,47.00,9165.00,
Boneless Chicken Biryani (Regular),2018-12-24,20.00,3900.00,
Boneless Chicken Biryani (Regular),2018-12-25,34.00,6630.00,
Boneless Chicken Biryani (Regular),2018-12-26,17.00,3315.00,
Boneless Chicken Biryani (Regular),2018-12-27,13.00,2535.00,
Boneless Chicken Biryani (Regular),2018-12-28,31.00,6045.00,
Boneless Chicken Biryani (Regular),2018-12-29,22.00,4290.00,
Boneless Chicken Biryani (Regular),2018-12-30,36.00,7020.00,
Boneless Chicken Biryani (Regular),2018-12-31,23.00,4485.00,
Boneless Chicken Biryani (Regular),2019-01-01,38.00,7410.00,
Boneless Chicken Biryani (Regular),2019-01-02,22.00,4290.00,
Boneless Chicken Biryani (Regular),2019-01-03,16.00,3120.00,
Boneless Chicken Biryani (Regular),2019-01-04,28.00,5460.00,
Boneless Chicken Biryani (Regular),2019-01-05,28.00,5460.00,
Boneless Chicken Biryani (Regular),2019-01-06,52.00,10140.00,
Boneless Chicken Biryani (Regular),2019-01-07,13.00,2535.00,
Boneless Chicken Biryani (Regular),2019-01-08,27.00,5265.00,
Boneless Chicken Biryani (Regular),2019-01-09,25.00,4875.00,
Boneless Chicken Biryani (Regular),2019-01-10,21.00,4095.00,
Boneless Chicken Biryani (Regular),2019-01-11,33.00,6435.00,
Boneless Chicken Biryani (Regular),2019-01-12,28.00,5460.00,
Boneless Chicken Biryani (Regular),2019-01-13,45.00,8775.00,
Boneless Chicken Biryani (Regular),2019-01-14,10.00,1950.00,
Boneless Chicken Biryani (Regular),2019-01-15,23.00,4485.00,
Boneless Chicken Biryani (Regular),2019-01-16,25.00,4875.00,
Boneless Chicken Biryani (Regular),2019-01-17,19.00,3705.00,
Boneless Chicken Biryani (Regular),2019-01-18,25.00,4875.00,
Boneless Chicken Biryani (Regular),2019-01-19,40.00,7800.00,
Boneless Chicken Biryani (Regular),2019-01-20,54.00,10530.00,
Boneless Chicken Biryani (Regular),2019-01-21,24.00,4680.00,
Boneless Chicken Biryani (Regular),2019-01-22,25.00,4875.00,
Boneless Chicken Biryani (Regular),2019-01-23,23.00,4485.00,
Boneless Chicken Biryani (Regular),2019-01-24,23.00,4485.00,
Boneless Chicken Biryani (Regular),2019-01-25,40.00,7800.00,
Boneless Chicken Biryani (Regular),2019-01-26,38.00,7410.00,
Boneless Chicken Biryani (Regular),2019-01-27,46.00,8970.00,
Boneless Chicken Biryani (Regular),2019-01-28,14.00,2730.00,
Boneless Chicken Biryani (Regular),2019-01-29,16.00,3120.00,
Boneless Chicken Biryani (Regular),2019-01-30,28.00,5460.00,
Boneless Chicken Biryani (Regular),2019-01-31,33.00,6435.00,
Boneless Chicken Biryani (Regular),2019-02-01,19.00,3705.00,
Boneless Chicken Biryani (Regular),2019-02-02,19.00,3705.00,
Boneless Chicken Biryani (Regular),2019-02-03,41.00,7995.00,
Boneless Chicken Biryani (Regular),2019-02-04,10.00,1950.00,
Boneless Chicken Biryani (Regular),2019-02-05,9.00,1755.00,
Boneless Chicken Biryani (Regular),2019-02-06,23.00,4485.00,
Boneless Chicken Biryani (Regular),2019-02-07,12.00,2340.00,
Boneless Chicken Biryani (Regular),2019-02-08,28.00,5460.00,
Boneless Chicken Biryani (Regular),2019-02-09,33.00,6435.00,
Boneless Chicken Biryani (Regular),2019-02-10,32.00,6240.00,
Boneless Chicken Biryani (Regular),2019-02-11,17.00,3315.00,
Boneless Chicken Biryani (Regular),2019-02-12,13.00,2535.00,
Boneless Chicken Biryani (Regular),2019-02-13,22.00,4290.00,
Boneless Chicken Biryani (Regular),2019-02-14,23.00,4485.00,
Boneless Chicken Biryani (Regular),2019-02-15,29.00,5655.00,
Boneless Chicken Biryani (Regular),2019-02-16,25.00,4875.00,
Boneless Chicken Biryani (Regular),2019-02-17,35.00,6825.00,
Boneless Chicken Biryani (Regular),2019-02-18,15.00,2925.00,
Boneless Chicken Biryani (Regular),2019-02-19,10.00,1950.00,
Boneless Chicken Biryani (Regular),2019-02-20,17.00,3315.00,
Boneless Chicken Biryani (Regular),2019-02-21,6.00,1170.00,
Boneless Chicken Biryani (Regular),2019-02-22,29.00,5655.00,
Boneless Chicken Biryani (Regular),2019-02-23,13.00,2535.00,
Boneless Chicken Biryani (Regular),2019-02-24,36.00,7020.00,
Boneless Chicken Biryani (Regular),2019-02-25,16.00,3120.00,
Boneless Chicken Biryani (Regular),2019-02-26,16.00,3120.00,
Boneless Chicken Biryani (Regular),2019-02-27,13.00,2535.00,
Boneless Chicken Biryani (Regular),2019-02-28,12.00,2340.00,
Boneless Chicken Biryani (Regular),2019-03-01,25.00,4875.00,
Boneless Chicken Biryani (Regular),2019-03-02,19.00,3705.00,
Boneless Chicken Biryani (Regular),2019-03-03,28.00,5460.00,
Boneless Chicken Biryani (Regular),2019-03-04,5.00,975.00,
Boneless Chicken Biryani (Regular),2019-03-05,22.00,4290.00,
Boneless Chicken Biryani (Regular),2019-03-06,13.00,2535.00,
Boneless Chicken Biryani (Regular),2019-03-07,10.00,1950.00,
Boneless Chicken Biryani (Regular),2019-03-08,27.00,5265.00,
Boneless Chicken Biryani (Regular),2019-03-09,27.00,5265.00,
Boneless Chicken Biryani (Regular),2019-03-10,44.00,8580.00,
Boneless Chicken Biryani (Regular),2019-03-11,5.00,975.00,
Boneless Chicken Biryani (Regular),2019-03-12,12.00,2340.00,
Boneless Chicken Biryani (Regular),2019-03-13,19.00,3705.00,
Boneless Chicken Biryani (Regular),2019-03-14,22.00,4290.00,
Boneless Chicken Biryani (Regular),2019-03-15,18.00,3510.00,
Boneless Chicken Biryani (Regular),2019-03-16,29.00,5655.00,
Boneless Chicken Biryani (Regular),2019-03-17,33.00,6435.00,
Boneless Chicken Biryani (Regular),2019-03-18,14.00,2730.00,
Boneless Chicken Biryani (Regular),2019-03-19,45.00,8775.00,
Boneless Chicken Biryani (Regular),2019-03-20,39.00,7605.00,
Boneless Chicken Biryani (Regular),2019-03-21,44.00,8580.00,
Boneless Chicken Biryani (Regular),2019-03-22,43.00,8385.00,
Boneless Chicken Biryani (Regular),2019-03-23,41.00,7995.00,
Boneless Chicken Biryani (Regular),2019-03-24,78.00,15210.00,
Boneless Chicken Biryani (Regular),2019-03-25,32.00,6240.00,
Boneless Chicken Biryani (Regular),2019-03-26,39.00,7605.00,
Boneless Chicken Biryani (Regular),2019-03-27,50.00,9750.00,
Boneless Chicken Biryani (Regular),2019-03-28,43.00,8385.00,
Boneless Chicken Biryani (Regular),2019-03-29,66.00,12870.00,
Boneless Chicken Biryani (Regular),2019-03-30,76.00,14820.00,
Boneless Chicken Biryani (Regular),2019-03-31,67.00,13065.00,
Boneless Chicken Biryani (Regular),2019-04-01,32.00,6240.00,
Boneless Chicken Biryani (Regular),2019-04-02,55.00,10725.00,
Boneless Chicken Biryani (Regular),2019-04-03,49.00,9555.00,
Boneless Chicken Biryani (Regular),2019-04-04,43.00,8385.00,
Boneless Chicken Biryani (Regular),2019-04-05,54.00,10530.00,
Boneless Chicken Biryani (Regular),2019-04-06,33.00,6435.00,
Boneless Chicken Biryani (Regular),2019-04-07,76.00,14820.00,
Boneless Chicken Biryani (Regular),2019-04-08,23.00,4485.00,
Boneless Chicken Biryani (Regular),2019-04-09,31.00,6045.00,
Boneless Chicken Biryani (Regular),2019-04-10,54.00,10530.00,
Boneless Chicken Biryani (Regular),2019-04-11,33.00,6435.00,
Boneless Chicken Biryani (Regular),2019-04-12,54.00,10530.00,
Boneless Chicken Biryani (Regular),2019-04-13,58.00,11310.00,
Boneless Chicken Biryani (Regular),2019-04-14,67.00,13065.00,
Boneless Chicken Biryani (Regular),2019-04-15,45.00,8775.00,
Boneless Chicken Biryani (Regular),2019-04-16,47.00,9165.00,
Boneless Chicken Biryani (Regular),2019-04-17,53.00,10335.00,
Boneless Chicken Biryani (Regular),2019-04-18,48.00,9360.00,
Boneless Chicken Biryani (Regular),2019-04-19,68.00,13260.00,
Boneless Chicken Biryani (Regular),2019-04-20,43.00,8385.00,
Boneless Chicken Biryani (Regular),2019-04-21,87.00,16965.00,
Boneless Chicken Biryani (Regular),2019-04-22,46.00,8970.00,
Boneless Chicken Biryani (Regular),2019-04-23,45.00,8775.00,
Boneless Chicken Biryani (Regular),2019-04-24,50.00,9750.00,
Boneless Chicken Biryani (Regular),2019-04-25,42.00,8190.00,
Boneless Chicken Biryani (Regular),2019-04-26,55.00,10725.00,
Boneless Chicken Biryani (Regular),2019-04-27,57.00,11115.00,
Boneless Chicken Biryani (Regular),2019-04-28,48.00,9360.00,
Boneless Chicken Biryani (Regular),2019-04-29,53.00,10335.00,
Boneless Chicken Biryani (Regular),2019-04-30,58.00,11310.00,
Boneless Chicken Biryani (Regular),2019-05-01,50.00,9750.00,
Boneless Chicken Biryani (Regular),2019-05-02,50.00,9750.00,
Boneless Chicken Biryani (Regular),2019-05-03,58.00,11310.00,
Boneless Chicken Biryani (Regular),2019-05-04,78.00,15210.00,
Boneless Chicken Biryani (Regular),2019-05-05,60.00,11700.00,
Boneless Chicken Biryani (Regular),2019-05-06,48.00,9360.00,
Boneless Chicken Biryani (Regular),2019-05-07,44.00,8580.00,
Boneless Chicken Biryani (Regular),2019-05-08,44.00,8580.00,
Boneless Chicken Biryani (Regular),2019-05-09,48.00,9360.00,
Boneless Chicken Biryani (Regular),2019-05-10,45.00,8775.00,
Boneless Chicken Biryani (Regular),2019-05-11,76.00,14820.00,
Boneless Chicken Biryani (Regular),2019-05-12,80.00,15600.00,
Boneless Chicken Biryani (Regular),2019-05-13,43.00,8385.00,
Boneless Chicken Biryani (Regular),2019-05-14,42.00,8190.00,
Boneless Chicken Biryani (Regular),2019-05-15,35.00,6825.00,
Boneless Chicken Biryani (Regular),2019-05-16,44.00,8580.00,
Boneless Chicken Biryani (Regular),2019-05-17,45.00,8775.00,
Boneless Chicken Biryani (Regular),2019-05-18,65.00,12675.00,
Boneless Chicken Biryani (Regular),2019-05-19,83.00,16185.00,
Boneless Chicken Biryani (Regular),2019-05-20,42.00,8190.00,
Boneless Chicken Biryani (Regular),2019-05-21,34.00,6630.00,
Boneless Chicken Biryani (Regular),2019-05-22,29.00,5655.00,
Boneless Chicken Biryani (Regular),2019-05-23,43.00,8385.00,
Boneless Chicken Biryani (Regular),2019-05-24,61.00,11895.00,
Boneless Chicken Biryani (Regular),2019-05-25,53.00,10335.00,
Boneless Chicken Biryani (Regular),2019-05-26,79.00,15405.00,
Boneless Chicken Biryani (Regular),2019-05-27,25.00,4875.00,
Boneless Chicken Biryani (Regular),2019-05-28,38.00,7410.00,
Boneless Chicken Biryani (Regular),2019-05-29,21.00,4095.00,
Boneless Chicken Biryani (Regular),2019-05-30,37.00,7215.00,
Boneless Chicken Biryani (Regular),2019-05-31,26.00,5070.00,
Fried Piece Chicken Biryani (Regular),2018-01-01,10.00,1950.00,
Fried Piece Chicken Biryani (Regular),2018-01-02,6.00,1170.00,
Fried Piece Chicken Biryani (Regular),2018-01-03,10.00,1950.00,
Fried Piece Chicken Biryani (Regular),2018-01-04,13.00,2535.00,
Fried Piece Chicken Biryani (Regular),2018-01-05,8.00,1560.00,
Fried Piece Chicken Biryani (Regular),2018-01-06,19.00,3705.00,
Fried Piece Chicken Biryani (Regular),2018-01-07,21.00,4095.00,
Fried Piece Chicken Biryani (Regular),2018-01-08,3.00,585.00,
Fried Piece Chicken Biryani (Regular),2018-01-09,12.00,2340.00,
Fried Piece Chicken Biryani (Regular),2018-01-10,10.00,1950.00,
Fried Piece Chicken Biryani (Regular),2018-01-11,8.00,1560.00,
Fried Piece Chicken Biryani (Regular),2018-01-12,10.00,1950.00,
Fried Piece Chicken Biryani (Regular),2018-01-13,6.00,1170.00,
Fried Piece Chicken Biryani (Regular),2018-01-14,8.00,1560.00,
Fried Piece Chicken Biryani (Regular),2018-01-15,2.00,390.00,
Fried Piece Chicken Biryani (Regular),2018-01-16,5.00,975.00,
Fried Piece Chicken Biryani (Regular),2018-01-17,6.00,1170.00,
Fried Piece Chicken Biryani (Regular),2018-01-18,6.00,1170.00,
Fried Piece Chicken Biryani (Regular),2018-01-19,14.00,2730.00,
Fried Piece Chicken Biryani (Regular),2018-01-20,11.00,2145.00,
Fried Piece Chicken Biryani (Regular),2018-01-21,27.00,5265.00,
Fried Piece Chicken Biryani (Regular),2018-01-22,4.00,780.00,
Fried Piece Chicken Biryani (Regular),2018-01-23,3.00,585.00,
Fried Piece Chicken Biryani (Regular),2018-01-24,8.00,1560.00,
Fried Piece Chicken Biryani (Regular),2018-01-25,6.00,1170.00,
Fried Piece Chicken Biryani (Regular),2018-01-26,13.00,2535.00,
Fried Piece Chicken Biryani (Regular),2018-01-27,8.00,1560.00,
Fried Piece Chicken Biryani (Regular),2018-01-28,24.00,4680.00,
Fried Piece Chicken Biryani (Regular),2018-01-29,5.00,975.00,
Fried Piece Chicken Biryani (Regular),2018-01-30,6.00,1170.00,
Fried Piece Chicken Biryani (Regular),2018-01-31,13.00,2535.00,
Fried Piece Chicken Biryani (Regular),2018-02-01,15.00,2925.00,
Fried Piece Chicken Biryani (Regular),2018-02-02,18.00,3510.00,
Fried Piece Chicken Biryani (Regular),2018-02-03,20.00,3900.00,
Fried Piece Chicken Biryani (Regular),2018-02-04,33.00,6435.00,
Fried Piece Chicken Biryani (Regular),2018-02-05,28.00,5460.00,
Fried Piece Chicken Biryani (Regular),2018-02-06,4.00,780.00,
Fried Piece Chicken Biryani (Regular),2018-02-07,17.00,3315.00,
Fried Piece Chicken Biryani (Regular),2018-02-08,5.00,975.00,
Fried Piece Chicken Biryani (Regular),2018-02-09,13.00,2535.00,
Fried Piece Chicken Biryani (Regular),2018-02-10,17.00,3315.00,
Fried Piece Chicken Biryani (Regular),2018-02-11,30.00,5850.00,
Fried Piece Chicken Biryani (Regular),2018-02-12,30.00,5850.00,
Fried Piece Chicken Biryani (Regular),2018-02-13,2.00,390.00,
Fried Piece Chicken Biryani (Regular),2018-02-14,12.00,2340.00,
Fried Piece Chicken Biryani (Regular),2018-02-15,7.00,1365.00,
Fried Piece Chicken Biryani (Regular),2018-02-16,12.00,2340.00,
Fried Piece Chicken Biryani (Regular),2018-02-17,13.00,2535.00,
Fried Piece Chicken Biryani (Regular),2018-02-18,18.00,3510.00,
Fried Piece Chicken Biryani (Regular),2018-02-19,5.00,975.00,
Fried Piece Chicken Biryani (Regular),2018-02-20,14.00,2730.00,
Fried Piece Chicken Biryani (Regular),2018-02-21,6.00,1170.00,
Fried Piece Chicken Biryani (Regular),2018-02-22,12.00,2340.00,
Fried Piece Chicken Biryani (Regular),2018-02-23,28.00,5460.00,
Fried Piece Chicken Biryani (Regular),2018-02-24,18.00,3510.00,
Fried Piece Chicken Biryani (Regular),2018-02-25,21.00,4095.00,
Fried Piece Chicken Biryani (Regular),2018-02-26,6.00,1170.00,
Fried Piece Chicken Biryani (Regular),2018-02-27,5.00,975.00,
Fried Piece Chicken Biryani (Regular),2018-02-28,10.00,1950.00,
Fried Piece Chicken Biryani (Regular),2018-03-01,12.00,2340.00,
Fried Piece Chicken Biryani (Regular),2018-03-02,27.00,5265.00,
Fried Piece Chicken Biryani (Regular),2018-03-03,16.00,3120.00,
Fried Piece Chicken Biryani (Regular),2018-03-04,21.00,4095.00,
Fried Piece Chicken Biryani (Regular),2018-03-05,6.00,1170.00,
Fried Piece Chicken Biryani (Regular),2018-03-06,6.00,1170.00,
Fried Piece Chicken Biryani (Regular),2018-03-07,11.00,2145.00,
Fried Piece Chicken Biryani (Regular),2018-03-08,11.00,2145.00,
Fried Piece Chicken Biryani (Regular),2018-03-09,28.00,5460.00,
Fried Piece Chicken Biryani (Regular),2018-03-10,9.00,1755.00,
Fried Piece Chicken Biryani (Regular),2018-03-11,31.00,6045.00,
Fried Piece Chicken Biryani (Regular),2018-03-12,3.00,585.00,
Fried Piece Chicken Biryani (Regular),2018-03-13,12.00,2340.00,
Fried Piece Chicken Biryani (Regular),2018-03-14,9.00,1755.00,
Fried Piece Chicken Biryani (Regular),2018-03-15,11.00,2145.00,
Fried Piece Chicken Biryani (Regular),2018-03-16,37.00,7215.00,
Fried Piece Chicken Biryani (Regular),2018-03-17,17.00,3315.00,
Fried Piece Chicken Biryani (Regular),2018-03-18,16.00,3120.00,
Fried Piece Chicken Biryani (Regular),2018-03-19,5.00,975.00,
Fried Piece Chicken Biryani (Regular),2018-03-20,5.00,975.00,
Fried Piece Chicken Biryani (Regular),2018-03-21,10.00,1950.00,
Fried Piece Chicken Biryani (Regular),2018-03-22,6.00,1170.00,
Fried Piece Chicken Biryani (Regular),2018-03-23,7.00,1365.00,
Fried Piece Chicken Biryani (Regular),2018-03-24,18.00,3510.00,
Fried Piece Chicken Biryani (Regular),2018-03-25,10.00,1950.00,
Fried Piece Chicken Biryani (Regular),2018-03-26,8.00,1560.00,
Fried Piece Chicken Biryani (Regular),2018-03-27,13.00,2535.00,
Fried Piece Chicken Biryani (Regular),2018-03-28,17.00,3315.00,
Fried Piece Chicken Biryani (Regular),2018-03-29,12.00,2340.00,
Fried Piece Chicken Biryani (Regular),2018-03-30,19.00,3705.00,
Fried Piece Chicken Biryani (Regular),2018-03-31,4.00,780.00,
Fried Piece Chicken Biryani (Regular),2018-04-01,15.00,2925.00,
Fried Piece Chicken Biryani (Regular),2018-04-02,6.00,1170.00,
Fried Piece Chicken Biryani (Regular),2018-04-03,11.00,2145.00,
Fried Piece Chicken Biryani (Regular),2018-04-04,2.00,390.00,
Fried Piece Chicken Biryani (Regular),2018-04-05,21.00,4095.00,
Fried Piece Chicken Biryani (Regular),2018-04-06,18.00,3510.00,
Fried Piece Chicken Biryani (Regular),2018-04-07,26.00,5070.00,
Fried Piece Chicken Biryani (Regular),2018-04-08,16.00,3120.00,
Fried Piece Chicken Biryani (Regular),2018-04-09,11.00,2145.00,
Fried Piece Chicken Biryani (Regular),2018-04-10,12.00,2340.00,
Fried Piece Chicken Biryani (Regular),2018-04-11,11.00,2145.00,
Fried Piece Chicken Biryani (Regular),2018-04-12,14.00,2730.00,
Fried Piece Chicken Biryani (Regular),2018-04-13,10.00,1950.00,
Fried Piece Chicken Biryani (Regular),2018-04-14,19.00,3705.00,
Fried Piece Chicken Biryani (Regular),2018-04-15,28.00,5460.00,
Fried Piece Chicken Biryani (Regular),2018-04-16,7.00,1365.00,
Fried Piece Chicken Biryani (Regular),2018-04-17,20.00,3900.00,
Fried Piece Chicken Biryani (Regular),2018-04-18,13.00,2535.00,
Fried Piece Chicken Biryani (Regular),2018-04-19,15.00,2925.00,
Fried Piece Chicken Biryani (Regular),2018-04-20,31.00,6045.00,
Fried Piece Chicken Biryani (Regular),2018-04-21,20.00,3900.00,
Fried Piece Chicken Biryani (Regular),2018-04-22,24.00,4680.00,
Fried Piece Chicken Biryani (Regular),2018-04-23,8.00,1560.00,
Fried Piece Chicken Biryani (Regular),2018-04-24,10.00,1950.00,
Fried Piece Chicken Biryani (Regular),2018-04-25,15.00,2925.00,
Fried Piece Chicken Biryani (Regular),2018-04-26,4.00,780.00,
Fried Piece Chicken Biryani (Regular),2018-04-27,20.00,3900.00,
Fried Piece Chicken Biryani (Regular),2018-04-28,15.00,2925.00,
Fried Piece Chicken Biryani (Regular),2018-04-29,43.00,8385.00,
Fried Piece Chicken Biryani (Regular),2018-04-30,21.00,4095.00,
Fried Piece Chicken Biryani (Regular),2018-05-01,25.00,4875.00,
Fried Piece Chicken Biryani (Regular),2018-05-02,11.00,2145.00,
Fried Piece Chicken Biryani (Regular),2018-05-03,9.00,1755.00,
Fried Piece Chicken Biryani (Regular),2018-05-04,30.00,5850.00,
Fried Piece Chicken Biryani (Regular),2018-05-05,23.00,4485.00,
Fried Piece Chicken Biryani (Regular),2018-05-06,38.00,7410.00,
Fried Piece Chicken Biryani (Regular),2018-05-07,10.00,1950.00,
Fried Piece Chicken Biryani (Regular),2018-05-08,8.00,1560.00,
Fried Piece Chicken Biryani (Regular),2018-05-09,19.00,3705.00,
Fried Piece Chicken Biryani (Regular),2018-05-10,12.00,2340.00,
Fried Piece Chicken Biryani (Regular),2018-05-11,26.00,5070.00,
Fried Piece Chicken Biryani (Regular),2018-05-12,26.00,5070.00,
Fried Piece Chicken Biryani (Regular),2018-05-13,42.00,8190.00,
Fried Piece Chicken Biryani (Regular),2018-05-14,3.00,585.00,
Fried Piece Chicken Biryani (Regular),2018-05-15,10.00,1950.00,
Fried Piece Chicken Biryani (Regular),2018-05-16,9.00,1755.00,
Fried Piece Chicken Biryani (Regular),2018-05-17,12.00,2340.00,
Fried Piece Chicken Biryani (Regular),2018-05-18,9.00,1755.00,
Fried Piece Chicken Biryani (Regular),2018-05-19,14.00,2730.00,
Fried Piece Chicken Biryani (Regular),2018-05-20,27.00,5265.00,
Fried Piece Chicken Biryani (Regular),2018-05-21,10.00,1950.00,
Fried Piece Chicken Biryani (Regular),2018-05-22,12.00,2340.00,
Fried Piece Chicken Biryani (Regular),2018-05-23,28.00,5460.00,
Fried Piece Chicken Biryani (Regular),2018-05-24,8.00,1560.00,
Fried Piece Chicken Biryani (Regular),2018-05-25,27.00,5265.00,
Fried Piece Chicken Biryani (Regular),2018-05-26,19.00,3705.00,
Fried Piece Chicken Biryani (Regular),2018-05-27,33.00,6435.00,
Fried Piece Chicken Biryani (Regular),2018-05-28,13.00,2535.00,
Fried Piece Chicken Biryani (Regular),2018-05-29,10.00,1950.00,
Fried Piece Chicken Biryani (Regular),2018-05-30,15.00,2925.00,
Fried Piece Chicken Biryani (Regular),2018-05-31,13.00,2535.00,
Fried Piece Chicken Biryani (Regular),2018-06-01,28.00,5460.00,
Fried Piece Chicken Biryani (Regular),2018-06-02,16.00,3120.00,
Fried Piece Chicken Biryani (Regular),2018-06-03,33.00,6435.00,
Fried Piece Chicken Biryani (Regular),2018-06-04,8.00,1560.00,
Fried Piece Chicken Biryani (Regular),2018-06-05,3.00,585.00,
Fried Piece Chicken Biryani (Regular),2018-06-06,13.00,2535.00,
Fried Piece Chicken Biryani (Regular),2018-06-07,9.00,1755.00,
Fried Piece Chicken Biryani (Regular),2018-06-08,27.00,5265.00,
Fried Piece Chicken Biryani (Regular),2018-06-09,21.00,4095.00,
Fried Piece Chicken Biryani (Regular),2018-06-10,20.00,3900.00,
Fried Piece Chicken Biryani (Regular),2018-06-11,4.00,780.00,
Fried Piece Chicken Biryani (Regular),2018-06-12,15.00,2925.00,
Fried Piece Chicken Biryani (Regular),2018-06-13,16.00,3120.00,
Fried Piece Chicken Biryani (Regular),2018-06-14,13.00,2535.00,
Fried Piece Chicken Biryani (Regular),2018-06-15,17.00,3315.00,
Fried Piece Chicken Biryani (Regular),2018-06-16,25.00,4875.00,
Fried Piece Chicken Biryani (Regular),2018-06-17,24.00,4680.00,
Fried Piece Chicken Biryani (Regular),2018-06-18,11.00,2145.00,
Fried Piece Chicken Biryani (Regular),2018-06-19,11.00,2145.00,
Fried Piece Chicken Biryani (Regular),2018-06-20,16.00,3120.00,
Fried Piece Chicken Biryani (Regular),2018-06-21,6.00,1170.00,
Fried Piece Chicken Biryani (Regular),2018-06-22,11.00,2145.00,
Fried Piece Chicken Biryani (Regular),2018-06-23,16.00,3120.00,
Fried Piece Chicken Biryani (Regular),2018-06-24,35.00,6825.00,
Fried Piece Chicken Biryani (Regular),2018-06-25,10.00,1950.00,
Fried Piece Chicken Biryani (Regular),2018-06-26,18.00,3510.00,
Fried Piece Chicken Biryani (Regular),2018-06-27,9.00,1755.00,
Fried Piece Chicken Biryani (Regular),2018-06-28,14.00,2730.00,
Fried Piece Chicken Biryani (Regular),2018-06-29,18.00,3510.00,
Fried Piece Chicken Biryani (Regular),2018-06-30,21.00,4095.00,
Fried Piece Chicken Biryani (Regular),2018-07-01,38.00,7410.00,
Fried Piece Chicken Biryani (Regular),2018-07-02,8.00,1560.00,
Fried Piece Chicken Biryani (Regular),2018-07-03,13.00,2535.00,
Fried Piece Chicken Biryani (Regular),2018-07-04,8.00,1560.00,
Fried Piece Chicken Biryani (Regular),2018-07-05,6.00,1170.00,
Fried Piece Chicken Biryani (Regular),2018-07-06,16.00,3120.00,
Fried Piece Chicken Biryani (Regular),2018-07-07,13.00,2535.00,
Fried Piece Chicken Biryani (Regular),2018-07-08,29.00,5655.00,
Fried Piece Chicken Biryani (Regular),2018-07-09,9.00,1755.00,
Fried Piece Chicken Biryani (Regular),2018-07-10,8.00,1560.00,
Fried Piece Chicken Biryani (Regular),2018-07-11,2.00,390.00,
Fried Piece Chicken Biryani (Regular),2018-07-12,11.00,2145.00,
Fried Piece Chicken Biryani (Regular),2018-07-13,16.00,3120.00,
Fried Piece Chicken Biryani (Regular),2018-07-14,6.00,1170.00,
Fried Piece Chicken Biryani (Regular),2018-07-15,15.00,2925.00,
Fried Piece Chicken Biryani (Regular),2018-07-16,5.00,975.00,
Fried Piece Chicken Biryani (Regular),2018-07-17,7.00,1365.00,
Fried Piece Chicken Biryani (Regular),2018-07-18,21.00,4095.00,
Fried Piece Chicken Biryani (Regular),2018-07-19,5.00,975.00,
Fried Piece Chicken Biryani (Regular),2018-07-20,17.00,3315.00,
Fried Piece Chicken Biryani (Regular),2018-07-21,10.00,1950.00,
Fried Piece Chicken Biryani (Regular),2018-07-22,25.00,4875.00,
Fried Piece Chicken Biryani (Regular),2018-07-23,5.00,975.00,
Fried Piece Chicken Biryani (Regular),2018-07-24,10.00,1950.00,
Fried Piece Chicken Biryani (Regular),2018-07-25,10.00,1950.00,
Fried Piece Chicken Biryani (Regular),2018-07-26,16.00,3120.00,
Fried Piece Chicken Biryani (Regular),2018-07-27,18.00,3510.00,
Fried Piece Chicken Biryani (Regular),2018-07-28,20.00,3900.00,
Fried Piece Chicken Biryani (Regular),2018-07-29,31.00,6045.00,
Fried Piece Chicken Biryani (Regular),2018-07-30,13.00,2535.00,
Fried Piece Chicken Biryani (Regular),2018-07-31,17.00,3315.00,
Fried Piece Chicken Biryani (Regular),2018-08-01,13.00,2535.00,
Fried Piece Chicken Biryani (Regular),2018-08-02,11.00,2145.00,
Fried Piece Chicken Biryani (Regular),2018-08-03,7.00,1365.00,
Fried Piece Chicken Biryani (Regular),2018-08-04,22.00,4290.00,
Fried Piece Chicken Biryani (Regular),2018-08-05,27.00,5265.00,
Fried Piece Chicken Biryani (Regular),2018-08-06,6.00,1170.00,
Fried Piece Chicken Biryani (Regular),2018-08-07,17.00,3315.00,
Fried Piece Chicken Biryani (Regular),2018-08-08,12.00,2340.00,
Fried Piece Chicken Biryani (Regular),2018-08-09,15.00,2925.00,
Fried Piece Chicken Biryani (Regular),2018-08-10,14.00,2730.00,
Fried Piece Chicken Biryani (Regular),2018-08-11,10.00,1950.00,
Fried Piece Chicken Biryani (Regular),2018-08-12,39.00,7605.00,
Fried Piece Chicken Biryani (Regular),2018-08-13,8.00,1560.00,
Fried Piece Chicken Biryani (Regular),2018-08-14,12.00,2340.00,
Fried Piece Chicken Biryani (Regular),2018-08-15,20.00,3900.00,
Fried Piece Chicken Biryani (Regular),2018-08-16,8.00,1560.00,
Fried Piece Chicken Biryani (Regular),2018-08-17,4.00,780.00,
Fried Piece Chicken Biryani (Regular),2018-08-18,14.00,2730.00,
Fried Piece Chicken Biryani (Regular),2018-08-19,27.00,5265.00,
Fried Piece Chicken Biryani (Regular),2018-08-20,9.00,1755.00,
Fried Piece Chicken Biryani (Regular),2018-08-21,12.00,2340.00,
Fried Piece Chicken Biryani (Regular),2018-08-22,22.00,4290.00,
Fried Piece Chicken Biryani (Regular),2018-08-23,15.00,2925.00,
Fried Piece Chicken Biryani (Regular),2018-08-24,10.00,1950.00,
Fried Piece Chicken Biryani (Regular),2018-08-25,21.00,4095.00,
Fried Piece Chicken Biryani (Regular),2018-08-26,12.00,2340.00,
Fried Piece Chicken Biryani (Regular),2018-08-27,10.00,1950.00,
Fried Piece Chicken Biryani (Regular),2018-08-28,10.00,1950.00,
Fried Piece Chicken Biryani (Regular),2018-08-29,11.00,2145.00,
Fried Piece Chicken Biryani (Regular),2018-08-30,9.00,1755.00,
Fried Piece Chicken Biryani (Regular),2018-08-31,15.00,2925.00,
Fried Piece Chicken Biryani (Regular),2018-09-01,26.00,5070.00,
Fried Piece Chicken Biryani (Regular),2018-09-02,36.00,7020.00,
Fried Piece Chicken Biryani (Regular),2018-09-03,11.00,2145.00,
Fried Piece Chicken Biryani (Regular),2018-09-04,17.00,3315.00,
Fried Piece Chicken Biryani (Regular),2018-09-05,13.00,2535.00,
Fried Piece Chicken Biryani (Regular),2018-09-06,4.00,780.00,
Fried Piece Chicken Biryani (Regular),2018-09-07,24.00,4680.00,
Fried Piece Chicken Biryani (Regular),2018-09-08,17.00,3315.00,
Fried Piece Chicken Biryani (Regular),2018-09-09,26.00,5070.00,
Fried Piece Chicken Biryani (Regular),2018-09-10,8.00,1560.00,
Fried Piece Chicken Biryani (Regular),2018-09-11,17.00,3315.00,
Fried Piece Chicken Biryani (Regular),2018-09-12,11.00,2145.00,
Fried Piece Chicken Biryani (Regular),2018-09-13,13.00,2535.00,
Fried Piece Chicken Biryani (Regular),2018-09-14,16.00,3120.00,
Fried Piece Chicken Biryani (Regular),2018-09-15,23.00,4485.00,
Fried Piece Chicken Biryani (Regular),2018-09-16,32.00,6240.00,
Fried Piece Chicken Biryani (Regular),2018-09-17,7.00,1365.00,
Fried Piece Chicken Biryani (Regular),2018-09-18,26.00,5070.00,
Fried Piece Chicken Biryani (Regular),2018-09-19,15.00,2925.00,
Fried Piece Chicken Biryani (Regular),2018-09-20,20.00,3900.00,
Fried Piece Chicken Biryani (Regular),2018-09-21,18.00,3510.00,
Fried Piece Chicken Biryani (Regular),2018-09-22,22.00,4290.00,
Fried Piece Chicken Biryani (Regular),2018-09-23,29.00,5655.00,
Fried Piece Chicken Biryani (Regular),2018-09-24,6.00,1170.00,
Fried Piece Chicken Biryani (Regular),2018-09-25,9.00,1755.00,
Fried Piece Chicken Biryani (Regular),2018-09-26,11.00,2145.00,
Fried Piece Chicken Biryani (Regular),2018-09-27,12.00,2340.00,
Fried Piece Chicken Biryani (Regular),2018-09-28,24.00,4680.00,
Fried Piece Chicken Biryani (Regular),2018-09-29,16.00,3120.00,
Fried Piece Chicken Biryani (Regular),2018-09-30,33.00,6435.00,
Fried Piece Chicken Biryani (Regular),2018-10-01,1.00,195.00,
Fried Piece Chicken Biryani (Regular),2018-10-02,25.00,4875.00,
Fried Piece Chicken Biryani (Regular),2018-10-03,11.00,2145.00,
Fried Piece Chicken Biryani (Regular),2018-10-04,14.00,2730.00,
Fried Piece Chicken Biryani (Regular),2018-10-05,28.00,5460.00,
Fried Piece Chicken Biryani (Regular),2018-10-06,18.00,3510.00,
Fried Piece Chicken Biryani (Regular),2018-10-07,28.00,5460.00,
Fried Piece Chicken Biryani (Regular),2018-10-08,13.00,2535.00,
Fried Piece Chicken Biryani (Regular),2018-10-09,12.00,2340.00,
Fried Piece Chicken Biryani (Regular),2018-10-10,10.00,1950.00,
Fried Piece Chicken Biryani (Regular),2018-10-11,8.00,1560.00,
Fried Piece Chicken Biryani (Regular),2018-10-12,19.00,3705.00,
Fried Piece Chicken Biryani (Regular),2018-10-13,18.00,3510.00,
Fried Piece Chicken Biryani (Regular),2018-10-14,22.00,4290.00,
Fried Piece Chicken Biryani (Regular),2018-10-15,8.00,1560.00,
Fried Piece Chicken Biryani (Regular),2018-10-16,12.00,2340.00,
Fried Piece Chicken Biryani (Regular),2018-10-17,11.00,2145.00,
Fried Piece Chicken Biryani (Regular),2018-10-18,16.00,3120.00,
Fried Piece Chicken Biryani (Regular),2018-10-19,18.00,3510.00,
Fried Piece Chicken Biryani (Regular),2018-10-20,9.00,1755.00,
Fried Piece Chicken Biryani (Regular),2018-10-21,22.00,4290.00,
Fried Piece Chicken Biryani (Regular),2018-10-22,11.00,2145.00,
Fried Piece Chicken Biryani (Regular),2018-10-23,24.00,4680.00,
Fried Piece Chicken Biryani (Regular),2018-10-24,14.00,2730.00,
Fried Piece Chicken Biryani (Regular),2018-10-25,16.00,3120.00,
Fried Piece Chicken Biryani (Regular),2018-10-26,24.00,4680.00,
Fried Piece Chicken Biryani (Regular),2018-10-27,20.00,3900.00,
Fried Piece Chicken Biryani (Regular),2018-10-28,33.00,6435.00,
Fried Piece Chicken Biryani (Regular),2018-10-29,11.00,2145.00,
Fried Piece Chicken Biryani (Regular),2018-10-30,11.00,2145.00,
Fried Piece Chicken Biryani (Regular),2018-10-31,13.00,2535.00,
Fried Piece Chicken Biryani (Regular),2018-11-01,25.00,4875.00,
Fried Piece Chicken Biryani (Regular),2018-11-02,17.00,3315.00,
Fried Piece Chicken Biryani (Regular),2018-11-03,20.00,3900.00,
Fried Piece Chicken Biryani (Regular),2018-11-04,26.00,5070.00,
Fried Piece Chicken Biryani (Regular),2018-11-05,6.00,1170.00,
Fried Piece Chicken Biryani (Regular),2018-11-06,13.00,2535.00,
Fried Piece Chicken Biryani (Regular),2018-11-07,23.00,4485.00,
Fried Piece Chicken Biryani (Regular),2018-11-08,22.00,4290.00,
Fried Piece Chicken Biryani (Regular),2018-11-09,18.00,3510.00,
Fried Piece Chicken Biryani (Regular),2018-11-10,24.00,4680.00,
Fried Piece Chicken Biryani (Regular),2018-11-11,40.00,7800.00,
Fried Piece Chicken Biryani (Regular),2018-11-12,17.00,3315.00,
Fried Piece Chicken Biryani (Regular),2018-11-13,12.00,2340.00,
Fried Piece Chicken Biryani (Regular),2018-11-14,23.00,4485.00,
Fried Piece Chicken Biryani (Regular),2018-11-15,14.00,2730.00,
Fried Piece Chicken Biryani (Regular),2018-11-16,24.00,4680.00,
Fried Piece Chicken Biryani (Regular),2018-11-17,30.00,5850.00,
Fried Piece Chicken Biryani (Regular),2018-11-18,31.00,6045.00,
Fried Piece Chicken Biryani (Regular),2018-11-19,11.00,2145.00,
Fried Piece Chicken Biryani (Regular),2018-11-20,12.00,2340.00,
Fried Piece Chicken Biryani (Regular),2018-11-21,20.00,3900.00,
Fried Piece Chicken Biryani (Regular),2018-11-22,12.00,2340.00,
Fried Piece Chicken Biryani (Regular),2018-11-23,20.00,3900.00,
Fried Piece Chicken Biryani (Regular),2018-11-24,27.00,5265.00,
Fried Piece Chicken Biryani (Regular),2018-11-25,36.00,7020.00,
Fried Piece Chicken Biryani (Regular),2018-11-26,23.00,4485.00,
Fried Piece Chicken Biryani (Regular),2018-11-27,15.00,2925.00,
Fried Piece Chicken Biryani (Regular),2018-11-28,21.00,4095.00,
Fried Piece Chicken Biryani (Regular),2018-11-29,18.00,3510.00,
Fried Piece Chicken Biryani (Regular),2018-11-30,29.00,5655.00,
Fried Piece Chicken Biryani (Regular),2018-12-01,24.00,4680.00,
Fried Piece Chicken Biryani (Regular),2018-12-02,27.00,5265.00,
Fried Piece Chicken Biryani (Regular),2018-12-03,8.00,1560.00,
Fried Piece Chicken Biryani (Regular),2018-12-04,10.00,1950.00,
Fried Piece Chicken Biryani (Regular),2018-12-05,14.00,2730.00,
Fried Piece Chicken Biryani (Regular),2018-12-06,3.00,585.00,
Fried Piece Chicken Biryani (Regular),2018-12-07,20.00,3900.00,
Fried Piece Chicken Biryani (Regular),2018-12-08,21.00,4095.00,
Fried Piece Chicken Biryani (Regular),2018-12-09,34.00,6630.00,
Fried Piece Chicken Biryani (Regular),2018-12-10,5.00,975.00,
Fried Piece Chicken Biryani (Regular),2018-12-11,9.00,1755.00,
Fried Piece Chicken Biryani (Regular),2018-12-12,11.00,2145.00,
Fried Piece Chicken Biryani (Regular),2018-12-13,9.00,1755.00,
Fried Piece Chicken Biryani (Regular),2018-12-14,20.00,3900.00,
Fried Piece Chicken Biryani (Regular),2018-12-15,17.00,3315.00,
Fried Piece Chicken Biryani (Regular),2018-12-16,24.00,4680.00,
Fried Piece Chicken Biryani (Regular),2018-12-17,4.00,780.00,
Fried Piece Chicken Biryani (Regular),2018-12-18,9.00,1755.00,
Fried Piece Chicken Biryani (Regular),2018-12-19,12.00,2340.00,
Fried Piece Chicken Biryani (Regular),2018-12-20,11.00,2145.00,
Fried Piece Chicken Biryani (Regular),2018-12-21,10.00,1950.00,
Fried Piece Chicken Biryani (Regular),2018-12-22,17.00,3315.00,
Fried Piece Chicken Biryani (Regular),2018-12-23,22.00,4290.00,
Fried Piece Chicken Biryani (Regular),2018-12-24,9.00,1755.00,
Fried Piece Chicken Biryani (Regular),2018-12-25,20.00,3900.00,
Fried Piece Chicken Biryani (Regular),2018-12-26,8.00,1560.00,
Fried Piece Chicken Biryani (Regular),2018-12-27,5.00,975.00,
Fried Piece Chicken Biryani (Regular),2018-12-28,7.00,1365.00,
Fried Piece Chicken Biryani (Regular),2018-12-29,12.00,2340.00,
Fried Piece Chicken Biryani (Regular),2018-12-30,20.00,3900.00,
Fried Piece Chicken Biryani (Regular),2018-12-31,10.00,1950.00,
Fried Piece Chicken Biryani (Regular),2019-01-01,31.00,6045.00,
Fried Piece Chicken Biryani (Regular),2019-01-02,16.00,3120.00,
Fried Piece Chicken Biryani (Regular),2019-01-03,7.00,1365.00,
Fried Piece Chicken Biryani (Regular),2019-01-04,6.00,1170.00,
Fried Piece Chicken Biryani (Regular),2019-01-05,21.00,4095.00,
Fried Piece Chicken Biryani (Regular),2019-01-06,32.00,6240.00,
Fried Piece Chicken Biryani (Regular),2019-01-07,8.00,1560.00,
Fried Piece Chicken Biryani (Regular),2019-01-08,10.00,1950.00,
Fried Piece Chicken Biryani (Regular),2019-01-09,15.00,2925.00,
Fried Piece Chicken Biryani (Regular),2019-01-10,8.00,1560.00,
Fried Piece Chicken Biryani (Regular),2019-01-11,13.00,2535.00,
Fried Piece Chicken Biryani (Regular),2019-01-12,12.00,2340.00,
Fried Piece Chicken Biryani (Regular),2019-01-13,20.00,3900.00,
Fried Piece Chicken Biryani (Regular),2019-01-14,7.00,1365.00,
Fried Piece Chicken Biryani (Regular),2019-01-15,11.00,2145.00,
Fried Piece Chicken Biryani (Regular),2019-01-16,9.00,1755.00,
Fried Piece Chicken Biryani (Regular),2019-01-17,9.00,1755.00,
Fried Piece Chicken Biryani (Regular),2019-01-18,18.00,3510.00,
Fried Piece Chicken Biryani (Regular),2019-01-19,14.00,2730.00,
Fried Piece Chicken Biryani (Regular),2019-01-20,14.00,2730.00,
Fried Piece Chicken Biryani (Regular),2019-01-21,8.00,1560.00,
Fried Piece Chicken Biryani (Regular),2019-01-22,9.00,1755.00,
Fried Piece Chicken Biryani (Regular),2019-01-23,7.00,1365.00,
Fried Piece Chicken Biryani (Regular),2019-01-24,12.00,2340.00,
Fried Piece Chicken Biryani (Regular),2019-01-25,15.00,2925.00,
Fried Piece Chicken Biryani (Regular),2019-01-26,9.00,1755.00,
Fried Piece Chicken Biryani (Regular),2019-01-27,26.00,5070.00,
Fried Piece Chicken Biryani (Regular),2019-01-28,10.00,1950.00,
Fried Piece Chicken Biryani (Regular),2019-01-29,8.00,1560.00,
Fried Piece Chicken Biryani (Regular),2019-01-30,21.00,4095.00,
Fried Piece Chicken Biryani (Regular),2019-01-31,14.00,2730.00,
Fried Piece Chicken Biryani (Regular),2019-02-01,23.00,4485.00,
Fried Piece Chicken Biryani (Regular),2019-02-02,15.00,2925.00,
Fried Piece Chicken Biryani (Regular),2019-02-03,29.00,5655.00,
Fried Piece Chicken Biryani (Regular),2019-02-04,11.00,2145.00,
Fried Piece Chicken Biryani (Regular),2019-02-05,11.00,2145.00,
Fried Piece Chicken Biryani (Regular),2019-02-06,16.00,3120.00,
Fried Piece Chicken Biryani (Regular),2019-02-07,13.00,2535.00,
Fried Piece Chicken Biryani (Regular),2019-02-08,17.00,3315.00,
Fried Piece Chicken Biryani (Regular),2019-02-09,19.00,3705.00,
Fried Piece Chicken Biryani (Regular),2019-02-10,33.00,6435.00,
Fried Piece Chicken Biryani (Regular),2019-02-11,15.00,2925.00,
Fried Piece Chicken Biryani (Regular),2019-02-12,16.00,3120.00,
Fried Piece Chicken Biryani (Regular),2019-02-13,20.00,3900.00,
Fried Piece Chicken Biryani (Regular),2019-02-14,16.00,3120.00,
Fried Piece Chicken Biryani (Regular),2019-02-15,26.00,5070.00,
Fried Piece Chicken Biryani (Regular),2019-02-16,29.00,5655.00,
Fried Piece Chicken Biryani (Regular),2019-02-17,41.00,7995.00,
Fried Piece Chicken Biryani (Regular),2019-02-18,12.00,2340.00,
Fried Piece Chicken Biryani (Regular),2019-02-19,18.00,3510.00,
Fried Piece Chicken Biryani (Regular),2019-02-20,21.00,4095.00,
Fried Piece Chicken Biryani (Regular),2019-02-21,15.00,2925.00,
Fried Piece Chicken Biryani (Regular),2019-02-22,15.00,2925.00,
Fried Piece Chicken Biryani (Regular),2019-02-23,31.00,6045.00,
Fried Piece Chicken Biryani (Regular),2019-02-24,28.00,5460.00,
Fried Piece Chicken Biryani (Regular),2019-02-25,17.00,3315.00,
Fried Piece Chicken Biryani (Regular),2019-02-26,16.00,3120.00,
Fried Piece Chicken Biryani (Regular),2019-02-27,19.00,3705.00,
Fried Piece Chicken Biryani (Regular),2019-02-28,21.00,4095.00,
Fried Piece Chicken Biryani (Regular),2019-03-01,26.00,5070.00,
Fried Piece Chicken Biryani (Regular),2019-03-02,12.00,2340.00,
Fried Piece Chicken Biryani (Regular),2019-03-03,17.00,3315.00,
Fried Piece Chicken Biryani (Regular),2019-03-04,11.00,2145.00,
Fried Piece Chicken Biryani (Regular),2019-03-05,13.00,2535.00,
Fried Piece Chicken Biryani (Regular),2019-03-06,13.00,2535.00,
Fried Piece Chicken Biryani (Regular),2019-03-07,13.00,2535.00,
Fried Piece Chicken Biryani (Regular),2019-03-08,16.00,3120.00,
Fried Piece Chicken Biryani (Regular),2019-03-09,16.00,3120.00,
Fried Piece Chicken Biryani (Regular),2019-03-10,23.00,4485.00,
Fried Piece Chicken Biryani (Regular),2019-03-11,4.00,780.00,
Fried Piece Chicken Biryani (Regular),2019-03-12,9.00,1755.00,
Fried Piece Chicken Biryani (Regular),2019-03-13,17.00,3315.00,
Fried Piece Chicken Biryani (Regular),2019-03-14,21.00,4095.00,
Fried Piece Chicken Biryani (Regular),2019-03-15,16.00,3120.00,
Fried Piece Chicken Biryani (Regular),2019-03-16,19.00,3705.00,
Fried Piece Chicken Biryani (Regular),2019-03-17,36.00,7020.00,
Fried Piece Chicken Biryani (Regular),2019-03-18,9.00,1755.00,
Fried Piece Chicken Biryani (Regular),2019-03-19,30.00,5850.00,
Fried Piece Chicken Biryani (Regular),2019-03-20,33.00,6435.00,
Fried Piece Chicken Biryani (Regular),2019-03-21,28.00,5460.00,
Fried Piece Chicken Biryani (Regular),2019-03-22,40.00,7800.00,
Fried Piece Chicken Biryani (Regular),2019-03-23,34.00,6630.00,
Fried Piece Chicken Biryani (Regular),2019-03-24,47.00,9165.00,
Fried Piece Chicken Biryani (Regular),2019-03-25,19.00,3705.00,
Fried Piece Chicken Biryani (Regular),2019-03-26,20.00,3900.00,
Fried Piece Chicken Biryani (Regular),2019-03-27,21.00,4095.00,
Fried Piece Chicken Biryani (Regular),2019-03-28,35.00,6825.00,
Fried Piece Chicken Biryani (Regular),2019-03-29,59.00,11505.00,
Fried Piece Chicken Biryani (Regular),2019-03-30,48.00,9360.00,
Fried Piece Chicken Biryani (Regular),2019-03-31,46.00,8970.00,
Fried Piece Chicken Biryani (Regular),2019-04-01,24.00,4680.00,
Fried Piece Chicken Biryani (Regular),2019-04-02,43.00,8385.00,
Fried Piece Chicken Biryani (Regular),2019-04-03,36.00,7020.00,
Fried Piece Chicken Biryani (Regular),2019-04-04,29.00,5655.00,
Fried Piece Chicken Biryani (Regular),2019-04-05,58.00,11310.00,
Fried Piece Chicken Biryani (Regular),2019-04-06,28.00,5460.00,
Fried Piece Chicken Biryani (Regular),2019-04-07,44.00,8580.00,
Fried Piece Chicken Biryani (Regular),2019-04-08,9.00,1755.00,
Fried Piece Chicken Biryani (Regular),2019-04-09,36.00,7020.00,
Fried Piece Chicken Biryani (Regular),2019-04-10,39.00,7605.00,
Fried Piece Chicken Biryani (Regular),2019-04-11,25.00,4875.00,
Fried Piece Chicken Biryani (Regular),2019-04-12,38.00,7410.00,
Fried Piece Chicken Biryani (Regular),2019-04-13,26.00,5070.00,
Fried Piece Chicken Biryani (Regular),2019-04-14,46.00,8970.00,
Fried Piece Chicken Biryani (Regular),2019-04-15,30.00,5850.00,
Fried Piece Chicken Biryani (Regular),2019-04-16,32.00,6240.00,
Fried Piece Chicken Biryani (Regular),2019-04-17,38.00,7410.00,
Fried Piece Chicken Biryani (Regular),2019-04-18,30.00,5850.00,
Fried Piece Chicken Biryani (Regular),2019-04-19,35.00,6825.00,
Fried Piece Chicken Biryani (Regular),2019-04-20,46.00,8970.00,
Fried Piece Chicken Biryani (Regular),2019-04-21,45.00,8775.00,
Fried Piece Chicken Biryani (Regular),2019-04-22,26.00,5070.00,
Fried Piece Chicken Biryani (Regular),2019-04-23,52.00,10140.00,
Fried Piece Chicken Biryani (Regular),2019-04-24,41.00,7995.00,
Fried Piece Chicken Biryani (Regular),2019-04-25,35.00,6825.00,
Fried Piece Chicken Biryani (Regular),2019-04-26,30.00,5850.00,
Fried Piece Chicken Biryani (Regular),2019-04-27,58.00,11310.00,
Fried Piece Chicken Biryani (Regular),2019-04-28,46.00,8970.00,
Fried Piece Chicken Biryani (Regular),2019-04-29,35.00,6825.00,
Fried Piece Chicken Biryani (Regular),2019-04-30,31.00,6045.00,
Fried Piece Chicken Biryani (Regular),2019-05-01,64.00,12480.00,
Fried Piece Chicken Biryani (Regular),2019-05-02,36.00,7020.00,
Fried Piece Chicken Biryani (Regular),2019-05-03,64.00,12480.00,
Fried Piece Chicken Biryani (Regular),2019-05-04,45.00,8775.00,
Fried Piece Chicken Biryani (Regular),2019-05-05,48.00,9360.00,
Fried Piece Chicken Biryani (Regular),2019-05-06,40.00,7800.00,
Fried Piece Chicken Biryani (Regular),2019-05-07,30.00,5850.00,
Fried Piece Chicken Biryani (Regular),2019-05-08,48.00,9360.00,
Fried Piece Chicken Biryani (Regular),2019-05-09,35.00,6825.00,
Fried Piece Chicken Biryani (Regular),2019-05-10,67.00,13065.00,
Fried Piece Chicken Biryani (Regular),2019-05-11,44.00,8580.00,
Fried Piece Chicken Biryani (Regular),2019-05-12,80.00,15600.00,
Fried Piece Chicken Biryani (Regular),2019-05-13,27.00,5265.00,
Fried Piece Chicken Biryani (Regular),2019-05-14,36.00,7020.00,
Fried Piece Chicken Biryani (Regular),2019-05-15,33.00,6435.00,
Fried Piece Chicken Biryani (Regular),2019-05-16,41.00,7995.00,
Fried Piece Chicken Biryani (Regular),2019-05-17,38.00,7410.00,
Fried Piece Chicken Biryani (Regular),2019-05-18,57.00,11115.00,
Fried Piece Chicken Biryani (Regular),2019-05-19,47.00,9165.00,
Fried Piece Chicken Biryani (Regular),2019-05-20,39.00,7605.00,
Fried Piece Chicken Biryani (Regular),2019-05-21,34.00,6630.00,
Fried Piece Chicken Biryani (Regular),2019-05-22,37.00,7215.00,
Fried Piece Chicken Biryani (Regular),2019-05-23,18.00,3510.00,
Fried Piece Chicken Biryani (Regular),2019-05-24,40.00,7800.00,
Fried Piece Chicken Biryani (Regular),2019-05-25,40.00,7800.00,
Fried Piece Chicken Biryani (Regular),2019-05-26,52.00,10140.00,
Fried Piece Chicken Biryani (Regular),2019-05-27,40.00,7800.00,
Fried Piece Chicken Biryani (Regular),2019-05-28,28.00,5460.00,
Fried Piece Chicken Biryani (Regular),2019-05-29,30.00,5850.00,
Fried Piece Chicken Biryani (Regular),2019-05-30,20.00,3900.00,
Fried Piece Chicken Biryani (Regular),2019-05-31,43.00,8385.00,